product,category,source_label,platform_evidence,learning_approach,verification_limit,source_url,retrieved_at_utc
SoundGym,Miks,soundgym_games,Web,Geniş miks becerileri ve uygulamalı oyunlar,Üye alanı ve öğrenme etkinliği test edilmedi,https://www.soundgym.co/games/index,2026-10-08T21:26:13.415923+00:00
TrainYourEars EQ Edition,Miks,trainyourears,Mac/PC açıklaması,"EQ tahmini, doğru/yanlış karşılaştırması, düzeltme",Desktop odak; son ödeme ekranı test edilmedi,https://www.trainyourears.com/,2026-10-08T21:25:26.181231+00:00
Quiztones,Miks,quiztones_ios,iPhone/iPad kaydı,Frekans ve EQ quizleri; kendi sesini aktarma,Ücretli alanlar ve bütün modlar deneyimlenmedi,https://apps.apple.com/us/app/quiztones-eq-ear-training/id436707254,2026-10-08T21:27:54.527957+00:00
hearEQ,Miks,heareq_ios,iPhone/iPad kaydı,"Kendi müziği, bant seçimi, 10/30 bant yaklaşımı",Dosya/DRM uyumluluğu ve ek modül kapsamı önemli,https://apps.apple.com/us/app/heareq-ear-training-for-eq/id840906542,2026-10-08T21:29:20.589962+00:00
MixSense,Miks,mixsense_ios,iPhone/iPad kaydı,"Kısa ders; EQ, kompresör, seviye, pan ve efekt",Kullanıcı görüşleri az sayıda; etkililik deneyimi test edilmedi,https://apps.apple.com/us/app/mixsense-learn-mixing-by-ear/id6503040180,2026-10-08T21:29:20.590766+00:00
MixEar,Miks,mixear_ios,iPhone/iPad kaydı,Çevrimdışı A/B; dokuz çalışma; beceri haritası,Mağazada yeterli yorum/puan kanıtı yok,https://apps.apple.com/us/app/mixear-ear-trainer-for-mixing/id6812959406,2026-10-08T21:29:20.591245+00:00
EQ Perfect,Miks,eqperfect_ios,iPhone/iPad kaydı,Parametrik EQ ile kademeli uygulama,Mağaza işlev açıklaması; gerçek DSP test edilmedi,https://apps.apple.com/us/app/eq-perfect-pro-eq-ear-training/id1580955897,2026-10-08T21:29:20.591811+00:00
EQ Trainer,Miks,eqtrainer_ios,iPhone/iPad kaydı,Sinüs/pembe gürültü ile frekans bandı,Dar kapsam; tam miks müfredatı değil,https://apps.apple.com/us/app/eq-trainer/id1472810579,2026-10-08T21:29:20.592865+00:00
Harman How to Listen,Tarihsel dinleyici eğitimi,harman,Eski Mac/Windows beta açıklaması,Kontrollü değişkenler; otomatik zorluk,2011 kaynak; modern işletim sistemi uyumluluğu test edilmedi,https://harmanhowtolisten.blogspot.com/,2026-10-08T21:25:26.182938+00:00
Syntorial,Sentez eğitimi,syntorial_more,Mac/PC/iPad açıklaması,Duyulan sesi kontrollere müdahaleyle yeniden üretme,Miks/konservatuvar uygulaması değil,https://www.syntorial.com/learn-more/,2026-10-08T21:27:55.177141+00:00
EarMaster,Müzik/sınav,earmaster_features,iOS/Android/Mac/Windows açıklaması,"Müfredat, ses/ritim tekrarları, adaptif sorular",Mikrofon doğruluğu bağımsız ölçülmedi,https://www.earmaster.com/products/ear-training-sight-singing/earmaster-software.html,2026-10-08T21:26:13.732757+00:00
Auralia,Müzik/kurum,auralia_features,Cloud herhangi cihaz açıklaması; desktop lisansları,"Dikte, değerlendirme, öğretmen ve LMS akışı",Cloud öğrenci lisansı okul koduna bağlı,https://www.risingsoftware.com/auralia,2026-10-08T21:26:13.784819+00:00
Functional Ear Trainer,Tonal duyma,functional_ios,Mobil iOS; ayrı desktop sayfası,Dereceleri tonal bağlamda duyma,"Mobil/desktop yayıncı, dil ve teknik koşulları ayrı",https://apps.apple.com/us/app/functional-ear-trainer/id1088761926,2026-10-08T21:27:54.528719+00:00
Sonofield,Tonal duyma,sonofield_ios,iPhone/iPad kaydı,"Drone, derece, melodi, voice, free-play",Makam müfredatına eşdeğer değil,https://apps.apple.com/us/app/sonofield-ear-trainer/id6740409139,2026-10-08T21:29:20.603329+00:00
Complete Ear Trainer / Complete Music Trainer,Müzik,complete,iOS/Android; web/desktop paket açıklaması,Kademeli bölümler; teori kartı; özel çalışma,Tek ödeme ile cloud/web kapsamı birbirine karıştırılmamalı,https://completeeartrainer.com/,2026-10-08T21:25:26.435261+00:00
Perfect Ear,Müzik,perfect_ios,iOS/Android kayıtları,Geniş çalışma ve kurslar; özelleştirme,Eski yorumların bir kısmına sürüm notlarında düzeltme var,https://apps.apple.com/us/app/perfect-ear-music-rhythm/id1440768353,2026-10-08T21:26:13.821276+00:00
ToneGym,Müzik,tonegym,Web/iOS/Android bağlantıları,"Günlük oyunlar, topluluk ve müzikal araçlar",Ağustos iOS yorumları v1.0; daha sonra v1.1 yayımlandı,https://www.tonegym.co/,2026-10-08T21:25:26.336008+00:00
KulakApp,Yerel sınav/müzik,kulakapp_ios,iOS/Android kayıtları,TR/EN; günlük/haftalık pratik; sınav ve öneriler,Eski reklam/abonelik talepleri mevcut açıklamayla birlikte okunmalı,https://apps.apple.com/tr/app/kulakapp-ear-training/id6761266705,2026-10-08T21:31:42.270569+00:00
Müzik Dersim,Yerel sınav/kurum,muzikdersim_ios,iOS/Android kayıtları,"Sınav, dikte, öğretmen, ödev ve canlı ders",TR/EN ürün açıklaması ile EN metadata farklı,https://apps.apple.com/tr/app/m%C3%BCzik-dersim-ear-training/id6761864079,2026-10-08T21:31:42.271324+00:00
Duy,Yerel sınav/müzik,duy_ios,iPhone kaydı,Türkçe; hedef okul; yerel ses/ritim değerlendirme,Çok küçük yorum örneklemi,https://apps.apple.com/tr/app/duy/id6804042622,2026-10-08T21:31:42.272427+00:00
Ear Training for Auditions,Sınav,auditions_ios,iPhone/iPad/Mac kaydı,Kademeli yol; pitch/ritim izleri; sınav denemesi,Deneme puanı gerçek sınavın tahmini olarak sunulmuyor,https://apps.apple.com/tr/app/ear-training-for-auditions/id6814007853,2026-10-08T21:31:42.271870+00:00
Theta Music Trainer,Müzik ve miks,theta,Web,EQ Match ve miks görevleri yanında müzikal kulak,Birleşim fikri pazarda mevcut,https://trainer.thetamusic.com/,2026-10-08T21:25:26.831336+00:00
Riffy,Müzik ve miks,riffy_android,Android kaydı,EQ/gain/pan yanında derece/aralık/akor,İncelenen sayfanın güncelleme tarihi 2024,https://play.google.com/store/apps/details?id=com.nusin.eartrainer&hl=en&gl=US,2026-10-08T21:32:02.787584+00:00
MyEarTraining,Müzik,myear_ios,iPhone/iPad kaydı,"İzole, tonal ve söyleme; özel çalışma; öğretmen",İlk .com adresi ürün için doğru kaynak değil; mağaza .net gösteriyor,https://apps.apple.com/us/app/myeartraining-ear-trainer/id885622580,2026-10-08T21:27:54.529200+00:00
Earpeggio,Müzik,earpeggio_ios,iPhone/iPad kaydı,"Dikte, aralık/akor; temiz pratik ve istatistik",Ses/cevap tutarlılığına dair kullanıcı bildirimi yeniden üretilmedi,https://apps.apple.com/us/app/earpeggio/id884775105,2026-10-08T21:27:54.529723+00:00
Better Ears,Müzik,better_ios,iOS kaydı; Mac senkron açıklaması,"Özel seviyeler, MIDI, mikrofon ve SoundFont",Fiyatın bütün platform haklarını kapsadığı varsayılmadı,https://apps.apple.com/us/app/better-ears-ear-trainer/id284444548,2026-10-08T21:29:20.606672+00:00
Meludia,Müzik,meludia_tr,Türkçe web sayfası,Dinleme/duyular ve müzik örnekleri üzerinden öğrenme,Ücretli içerik baştan sona deneyimlenmedi,https://meludia.com/tr/,2026-10-08T21:31:42.281473+00:00
Chet,Müzik,chet_ios,iPhone/iPad kaydı,Call-response; MIDI; gerçek kayıt; aralıklı tekrar,Öğrenme etkinliği bağımsız test edilmedi,https://apps.apple.com/us/app/chet-ear-training/id1405525467,2026-10-08T21:29:20.603778+00:00
Ella,Solfej,ella_ios,iPhone/iPad/Mac kaydı,Practice/play ayrımı; pitch grafiği ve değerlendirme,Pitch algoritması test edilmedi,https://apps.apple.com/us/app/ella-sight-singing-reading/id1301456113,2026-10-08T21:29:20.604754+00:00
ChordProg,Armoni,chordprog_ios,iPhone/iPad kaydı,Gerçek müzikte yürüyüşler ve derece gösterimi,Ücretli bütün kayıtlar dinlenmedi,https://apps.apple.com/us/app/chordprog-ear-trainer/id1454739512,2026-10-08T21:31:42.277412+00:00
Tonica,Tonal/müzikal duyma,tonica_android,Android kaydı,TR; aralıklı tekrar; doğru/yanlış sesi karşılaştırma,Özellikler mağaza açıklamasına dayanıyor,https://play.google.com/store/apps/details?id=com.mightydigital.eartraining&hl=en&gl=US,2026-10-08T21:32:02.788937+00:00
Resolve,Enstrümanla duyma,resolve_android,Android kaydı,Enstrümanla tepki; armonik karmaşıklık; kurs,Analitik müzik eğitimini tamamlayan yaklaşım,https://play.google.com/store/apps/details?id=app.solotrainer.resolve&hl=en&gl=US,2026-10-08T21:32:02.788363+00:00
TonedEar,Müzik,tonedear,Web,Hızlı erişim; derece ve bağlam alıştırmaları,Tam yönlendirilmiş müfredat varsayılmadı,https://tonedear.com/,2026-10-08T21:25:26.834756+00:00
teoria,Müzik/teori,teoria_exercises,Web,"Dikte, teori, izleme ve MIDI destekli çalışmalar",Bazı ileri çalışmaların gerçek kullanımı test edilmedi,https://www.teoria.com/en/exercises/,2026-10-08T21:30:23.688455+00:00
musictheory.net / Tenuto,Müzik/teori,musictheory_tenuto,Ücretsiz web; iOS offline uygulama,Özelleştirme ve sade çalışma,24 egzersizin tamamı işitsel değil,https://www.musictheory.net/products/tenuto,2026-10-08T21:27:55.334638+00:00
iWasDoingAllRight,Müzik/enstrüman,iwas_trainer,Web,Esnek ear trainer; tonal merkez ve özel egzersiz,Tarayıcıdaki bütün ses görevleri yürütülmedi,https://www.iwasdoingallright.com/tools/ear_training/online/,2026-10-08T21:34:25.645823+00:00
Solfej,Teori/müzik,solfej,Web sayfası,Basit dil; akor/dizi araçları; ders yolları,Güncel bütün mobil işlevler doğrulanmadı,https://www.solfej.io/,2026-10-08T21:25:27.182168+00:00
Âhenk,Türk müziği/makam,ahenk_ios,iOS kaydı,"Koma, seyir, karar, dörtlü/beşli; öğren/çalış",Uzman teori kontrolü ve tam uygulama deneyimi yapılmadı,https://apps.apple.com/tr/app/ahenk/id1563646256,2026-10-08T21:29:21.072065+00:00
Makam Studio,Türk müziği/ritim,makamstudio_ios,iOS kaydı,Gerçek ritim kayıtları; tempo ve enstrüman dengesi,"İncelenen ürün ritim odaklı, makam testi değil",https://apps.apple.com/tr/app/makam-studio/id6759348598,2026-10-08T21:29:21.046646+00:00
Turkish Music Rhythms,Türk müziği/usul,turkishrhythms_ios,iOS kaydı,Usul notasyonu/metronomu ve quiz,Bütün usullerin notasyonu uzmanla test edilmedi,https://apps.apple.com/tr/app/turkish-music-rhythms/id6779267235,2026-10-08T21:29:21.140562+00:00
Maqamat,Orta Doğu maqam kılavuzu,maqamat_ios,iOS kaydı,Sesli maqam ve ajnas ilişkileri,Türk makam eğitiminin bire bir karşılığı değil,https://apps.apple.com/tr/app/maqamat/id766256433,2026-10-08T21:29:21.136289+00:00
Microtonal Ear Trainer,İntonasyon,microtonal_ios,iPhone kaydı,Cent aralığı ve farkı gösteren yüksek/alçak pratiği,Makam/seyir eğitimi değil,https://apps.apple.com/us/app/microtonal-ear-trainer/id6775422266,2026-10-08T21:29:20.597445+00:00
Meşk Tune,Komşu akort aracı,mesk_android,Android kaydı,Türk/mikrotonal ve tarihsel akort; ses alma,Eğitim uygulamasından çok akort aracı,https://play.google.com/store/apps/details?id=com.meskteknoloji.mesktune&hl=tr&gl=TR,2026-10-08T21:32:02.789445+00:00
