source,review_id,date,rating,version,source_url,content_sha256
ahenk_reviews,12917430475,2025-07-21T00:11:13-07:00,5,1.1,https://itunes.apple.com/tr/rss/customerreviews/page=1/id=1563646256/sortby=mostrecent/json,0d3c8c26a9e45fb9c2c5c1a67ed607ad1951cdd6d27d412309085a499176eeec
ahenk_reviews,12606290549,2025-05-01T03:36:45-07:00,5,1.1,https://itunes.apple.com/tr/rss/customerreviews/page=1/id=1563646256/sortby=mostrecent/json,46bcb9cfe102463cdc38a3caa3041501bd77f09b89620fdc3dc96fa03a1222ca
ahenk_reviews,10634788882,2023-11-28T05:40:50-07:00,5,1.1,https://itunes.apple.com/tr/rss/customerreviews/page=1/id=1563646256/sortby=mostrecent/json,4643a2563b60e898675b1e55dc0cf51f1c4aed4c1de280d2666b2e2a2618888a
ahenk_reviews,10334652983,2023-09-04T15:08:43-07:00,5,1.1,https://itunes.apple.com/tr/rss/customerreviews/page=1/id=1563646256/sortby=mostrecent/json,67bda2be15b31e96d2e1c80e5a269fa9c177af32e23760f3ac379b98d0fb65ed
ahenk_reviews,9215280786,2022-10-23T14:55:08-07:00,5,1.1,https://itunes.apple.com/tr/rss/customerreviews/page=1/id=1563646256/sortby=mostrecent/json,05bcba208381dab6c4d615642b80438a00140b9ad1670e137d60de3c6bd98054
ahenk_reviews,8546297073,2022-04-08T14:15:26-07:00,5,1.1,https://itunes.apple.com/tr/rss/customerreviews/page=1/id=1563646256/sortby=mostrecent/json,20059aa3f0c30eb2c876413063caf7b310300a1a4e7e98a7f35f50b94b7a8320
ahenk_reviews,8523015059,2022-04-02T05:17:28-07:00,5,1.1,https://itunes.apple.com/tr/rss/customerreviews/page=1/id=1563646256/sortby=mostrecent/json,2d3a15f7b4d6f1ba9d01bf9c860bf0d03501fe694efa8eb3a211e19f31ace578
complete_reviews,14470519502,2026-08-25T07:16:45-07:00,5,2.9.0,https://itunes.apple.com/us/rss/customerreviews/page=1/id=1012455471/sortby=mostrecent/json,464f3529f6ff39027e3933de042b1b71a3ece23b7ab85ab97068985f6d3cc08e
complete_reviews,14458813297,2026-08-22T06:57:59-07:00,5,2.7.2,https://itunes.apple.com/us/rss/customerreviews/page=1/id=1012455471/sortby=mostrecent/json,dec9be8ecd4bbf36e537ad5a01e40658cdbc7ee7c94087175dd8be129a9e716a
complete_reviews,14412415993,2026-08-10T16:48:08-07:00,2,2.7.2,https://itunes.apple.com/us/rss/customerreviews/page=1/id=1012455471/sortby=mostrecent/json,ea3112289876fcc26b69ae8770a87582feb50b3cd3918b17ba57421ac5a58d70
complete_reviews,13488307614,2025-12-07T18:31:50-07:00,1,2.7.2,https://itunes.apple.com/us/rss/customerreviews/page=1/id=1012455471/sortby=mostrecent/json,86b63397460f7b92a5d2f774ffdbecc8f1c69718b6c6adf7e4e8be0886e0116d
complete_reviews,13425884719,2025-11-21T16:58:45-07:00,4,2.7.2,https://itunes.apple.com/us/rss/customerreviews/page=1/id=1012455471/sortby=mostrecent/json,7db4b313c56266e971f8a59e7f2979fa6ca1ab65b2ad16374ebbaf4b3ba3f284
complete_reviews,12908307840,2025-07-18T15:21:52-07:00,5,2.7.2,https://itunes.apple.com/us/rss/customerreviews/page=1/id=1012455471/sortby=mostrecent/json,8d04b26d2595cb5553fd976d47db40e5741705951fa9fb03d914bdcd2e751c85
complete_reviews,12356187193,2025-02-25T23:27:21-07:00,5,2.6.2,https://itunes.apple.com/us/rss/customerreviews/page=1/id=1012455471/sortby=mostrecent/json,43873c0721c6f8c281f8890947fcf074dea812a1b2e478860f242501a0a3f666
complete_reviews,12072420997,2024-12-16T20:00:06-07:00,5,2.6.2,https://itunes.apple.com/us/rss/customerreviews/page=1/id=1012455471/sortby=mostrecent/json,c5b147c960343bcf5a32c6667fee1031e94962975d1fc24ece9c162942b362b5
complete_reviews,11187122405,2024-04-21T21:45:56-07:00,1,2.5.8,https://itunes.apple.com/us/rss/customerreviews/page=1/id=1012455471/sortby=mostrecent/json,b575dde6789d88ac1737ddb9cb5d78be3d9ac7cbaa5cc9707148591ad8ea146a
complete_reviews,10987133714,2024-02-27T17:55:58-07:00,5,2.5.8,https://itunes.apple.com/us/rss/customerreviews/page=1/id=1012455471/sortby=mostrecent/json,c4e2133cf42baf55de72f855f6d350898e467a1a1aa3b3babb444dc926f5eabf
complete_reviews,10347673267,2023-09-08T11:17:21-07:00,5,2.5.8,https://itunes.apple.com/us/rss/customerreviews/page=1/id=1012455471/sortby=mostrecent/json,ed990d155814093465d6bd4acfa1228dcd14d362a72cefe6d7a259495d93c424
complete_reviews,9378023515,2022-12-09T09:01:35-07:00,5,2.5.1,https://itunes.apple.com/us/rss/customerreviews/page=1/id=1012455471/sortby=mostrecent/json,c1d0fcfaebf3a81d38e51bc287cbdefe9b46522a40d1557a354a1d25711539b2
complete_reviews,8631377193,2022-05-02T20:00:40-07:00,5,2.0.14,https://itunes.apple.com/us/rss/customerreviews/page=1/id=1012455471/sortby=mostrecent/json,d9f442e40a4b4b61ff94d6471372124affde3652449625a59debc753fb7802d5
complete_reviews,8477719788,2022-03-20T14:52:50-07:00,3,2.0.14,https://itunes.apple.com/us/rss/customerreviews/page=1/id=1012455471/sortby=mostrecent/json,6a41b4123ed8378033228475e358061888b25e0bdcc68735d3edbedabd07da7b
complete_reviews,8290501528,2022-01-27T18:28:13-07:00,5,2.0.12,https://itunes.apple.com/us/rss/customerreviews/page=1/id=1012455471/sortby=mostrecent/json,e16f5b33e5a1edd895f4049912eb982a2caef8b60111d2b3699c968f9ff4e7a3
complete_reviews,8055591856,2021-11-23T10:56:23-07:00,2,2.0.10,https://itunes.apple.com/us/rss/customerreviews/page=1/id=1012455471/sortby=mostrecent/json,2036d9d713ed16ce9c7a373ecd7da0ad0ffaef868fcf3219098ba7f0962eccba
complete_reviews,7922447589,2021-10-16T15:34:59-07:00,4,2.0.10,https://itunes.apple.com/us/rss/customerreviews/page=1/id=1012455471/sortby=mostrecent/json,a55c59e0e6a2d8efa49e118cd8ae0a650559343fd0b73ef58072b237a92bdebc
complete_reviews,7830857718,2021-09-21T13:21:50-07:00,5,2.0.10,https://itunes.apple.com/us/rss/customerreviews/page=1/id=1012455471/sortby=mostrecent/json,34f716d68a7a40a5de7c6ba54998a490d8a3e71325a407aa5a384dde67f78ce7
complete_reviews,7597327871,2021-07-20T02:57:51-07:00,2,2.0.8,https://itunes.apple.com/us/rss/customerreviews/page=1/id=1012455471/sortby=mostrecent/json,329d1a59cd34ecaabcacd4c02bf8a68ab9d670efe21f3b2aa621a4b88bbd2d0b
complete_reviews,7066307589,2021-03-04T18:51:07-07:00,5,2.0.5,https://itunes.apple.com/us/rss/customerreviews/page=1/id=1012455471/sortby=mostrecent/json,80e4d39d5f943918724789d46d396f6a189b6fa64f49cee9f83f81efdd19aba9
complete_reviews,6684526838,2020-11-25T07:18:52-07:00,5,1.6.3,https://itunes.apple.com/us/rss/customerreviews/page=1/id=1012455471/sortby=mostrecent/json,cc07a5523dc2769add221f34478327d1fe067e1ab2864860c84cb98214be0daf
complete_reviews,6252738987,2020-07-28T13:05:09-07:00,4,1.5.9,https://itunes.apple.com/us/rss/customerreviews/page=1/id=1012455471/sortby=mostrecent/json,1f7a146d66bf5e56ece754ac8b8037b89bc17e44aca012bb76e76c7e9f7ddf75
complete_reviews,6218002258,2020-07-19T15:58:39-07:00,5,1.5.9,https://itunes.apple.com/us/rss/customerreviews/page=1/id=1012455471/sortby=mostrecent/json,532e22621ecf2ce69ce23d5d4102582d64bf09e012c2f845faa0addd1c844400
complete_reviews,6180954047,2020-07-10T05:24:09-07:00,1,1.5.9,https://itunes.apple.com/us/rss/customerreviews/page=1/id=1012455471/sortby=mostrecent/json,20ac9975cacf6fba6938993fdb5468d75c8939d6b95698280c01a001d4e073fe
complete_reviews,5784555469,2020-04-08T23:21:38-07:00,5,1.5.4,https://itunes.apple.com/us/rss/customerreviews/page=1/id=1012455471/sortby=mostrecent/json,3f677c03285a3c565da4fd2e61ea5a2386c05e4f77f9fb860f552d09daec7a8a
complete_reviews,5680806370,2020-03-19T00:08:55-07:00,3,1.5.4,https://itunes.apple.com/us/rss/customerreviews/page=1/id=1012455471/sortby=mostrecent/json,b189f7c164dc69559424c50a010d8d26af88455f2ff84d275f6499a07fbd3b0b
complete_reviews,5257256168,2019-12-10T14:11:29-07:00,5,1.3.11,https://itunes.apple.com/us/rss/customerreviews/page=1/id=1012455471/sortby=mostrecent/json,0db2485ee1173e717de219e094d0e68de99e1a39773f59a0156e4c1fab09cc0f
complete_reviews,4502050549,2019-07-22T07:45:46-07:00,5,1.3.11,https://itunes.apple.com/us/rss/customerreviews/page=1/id=1012455471/sortby=mostrecent/json,20b6142d58a684b6f357f50176219fde4db9632f76a09c0d56fc91bc296bbfce
complete_reviews,4255384274,2019-06-02T21:47:08-07:00,5,1.3.11,https://itunes.apple.com/us/rss/customerreviews/page=1/id=1012455471/sortby=mostrecent/json,a4ce7662a857f0a742d4a164b9529a7f5c3aa3e07ccf5c126fbe0997ff5d5498
complete_reviews,3897294258,2019-03-18T08:54:44-07:00,5,1.3.11,https://itunes.apple.com/us/rss/customerreviews/page=1/id=1012455471/sortby=mostrecent/json,71190c6a2c934e000d4c52beb060447710e313549ac3fa231b2593f355d957c3
complete_reviews,3817786984,2019-02-26T09:55:00-07:00,3,1.3.11,https://itunes.apple.com/us/rss/customerreviews/page=1/id=1012455471/sortby=mostrecent/json,1756e114709dd324241e8ed6b9a2bd6189544fcd422acb6c677d36c3b8923717
complete_reviews,3543167297,2018-12-17T18:50:47-07:00,5,1.3.11,https://itunes.apple.com/us/rss/customerreviews/page=1/id=1012455471/sortby=mostrecent/json,6da4adaf9d1a5f6a82a48c49572ad07588b78ac63404a78ee91a506a0578ac8e
complete_reviews,2662702890,2018-06-08T13:13:44-07:00,4,1.3.11,https://itunes.apple.com/us/rss/customerreviews/page=1/id=1012455471/sortby=mostrecent/json,4b83d10fd15006a8d0a6878a831293a37a18fb71c8ebaa4eec75af91b69941b8
complete_reviews,1845659812,2017-10-13T02:55:34-07:00,3,1.3.4,https://itunes.apple.com/us/rss/customerreviews/page=1/id=1012455471/sortby=mostrecent/json,94d150d3e954b1554db148eaeff8e8f03bfc3ef24f9d42254a979ff33f5880f9
complete_reviews,1639236447,2017-06-09T20:22:40-07:00,5,1.2.1,https://itunes.apple.com/us/rss/customerreviews/page=1/id=1012455471/sortby=mostrecent/json,2219af4d1eb2472757afe71ae1c71accb2cff46d1dcb79bc14a699e212de65a3
complete_reviews,1559592932,2017-03-07T13:25:04-07:00,4,1.1.0,https://itunes.apple.com/us/rss/customerreviews/page=1/id=1012455471/sortby=mostrecent/json,263d2f06203bdbbb84835f13268f4af7281acf35beee016959f357407c46df34
complete_reviews,1383132209,2016-05-23T16:44:06-07:00,5,1.1.0,https://itunes.apple.com/us/rss/customerreviews/page=1/id=1012455471/sortby=mostrecent/json,6f714378f5cf10050c383b40107a0fa11aee5f11d4b61f8ce926d97fbdf9c218
complete_reviews,1379850704,2016-05-16T22:58:55-07:00,2,1.1.0,https://itunes.apple.com/us/rss/customerreviews/page=1/id=1012455471/sortby=mostrecent/json,f1732a60b76fa82d13b92367c1f8350123b05799f6bae84250bfed2dd23ca4f8
duy_reviews,14545948160,2026-09-13T10:43:28-07:00,5,1.0,https://itunes.apple.com/tr/rss/customerreviews/page=1/id=6804042622/sortby=mostrecent/json,1767d953e6706136589c15efa5ec3d463d413dc47ca6aa452672adf2acde9d33
earmaster_reviews,14560548728,2026-09-17T07:13:11-07:00,4,7.10.1,https://itunes.apple.com/us/rss/customerreviews/page=1/id=1105030163/sortby=mostrecent/json,559726d1ff4e50a1e31c979e7db08bfa63a676f48a55ca6c208f039666fb7502
earmaster_reviews,14430568273,2026-08-15T05:19:15-07:00,5,7.9.4,https://itunes.apple.com/us/rss/customerreviews/page=1/id=1105030163/sortby=mostrecent/json,52a3fc87198370713ecb374c5e22419cab6ab49b9d00d1ce3de81b6c4cb4d96d
earmaster_reviews,14300687652,2026-07-13T21:21:56-07:00,5,7.9.4,https://itunes.apple.com/us/rss/customerreviews/page=1/id=1105030163/sortby=mostrecent/json,4936efd9b6916531a739340a1160f11c6e45fea56855e9be1bd1bc97679442ec
earmaster_reviews,14254772739,2026-07-02T11:15:04-07:00,5,7.9.4,https://itunes.apple.com/us/rss/customerreviews/page=1/id=1105030163/sortby=mostrecent/json,3da947d6a115b5ca2ff43b536f05dc4de05ed87307d247af561c740a814dc7d1
earmaster_reviews,14097253913,2026-05-23T08:54:14-07:00,2,7.9.4,https://itunes.apple.com/us/rss/customerreviews/page=1/id=1105030163/sortby=mostrecent/json,b7925af524de881858d3617cf57c67b3ddc95ba10a4354246320ad7ea307728e
earmaster_reviews,13821592113,2026-03-06T18:07:06-07:00,5,7.9.2,https://itunes.apple.com/us/rss/customerreviews/page=1/id=1105030163/sortby=mostrecent/json,44ecb02b55853dd58470d667712c11528e6e302649309315b6ed231ac94c78ca
earmaster_reviews,13758497560,2026-02-17T02:07:53-07:00,5,7.9.2,https://itunes.apple.com/us/rss/customerreviews/page=1/id=1105030163/sortby=mostrecent/json,55d75877635731c73082d5b6baa6c9d8feb56707743b9872cb553f6573e771f6
earmaster_reviews,13742226745,2026-02-12T11:59:58-07:00,3,7.9.2,https://itunes.apple.com/us/rss/customerreviews/page=1/id=1105030163/sortby=mostrecent/json,020bd6fcc5010df0c6229c9ff287a737f267f987b92e8e847519f935dac7af96
earmaster_reviews,13719837181,2026-02-06T08:29:27-07:00,3,7.9.2,https://itunes.apple.com/us/rss/customerreviews/page=1/id=1105030163/sortby=mostrecent/json,1eb3308d2ead74a22b16679c3d9efa8bf3be7f96f434eba41ae1afb89d7e400b
earmaster_reviews,13615720378,2026-01-09T20:42:28-07:00,2,7.8.2,https://itunes.apple.com/us/rss/customerreviews/page=1/id=1105030163/sortby=mostrecent/json,8a7f57946f370000145dbae1b5ea1e67b5c5be72565441fe8149df891b34a38f
earmaster_reviews,13469387354,2025-12-03T00:07:54-07:00,5,7.8.2,https://itunes.apple.com/us/rss/customerreviews/page=1/id=1105030163/sortby=mostrecent/json,48ffe5ecd80cf43f52a21828910ebe31f24d9133849b361256f71582d4df6a35
earmaster_reviews,13249677172,2025-10-10T12:47:05-07:00,1,7.8.2,https://itunes.apple.com/us/rss/customerreviews/page=1/id=1105030163/sortby=mostrecent/json,f58837eb54af27aaaba9b4440bf611d3ed168bd7aa81de37890fd52b80c79617
earmaster_reviews,12721174141,2025-05-31T15:50:27-07:00,5,7.7.1,https://itunes.apple.com/us/rss/customerreviews/page=1/id=1105030163/sortby=mostrecent/json,ccf78ccb27c5a039c38f489b24cccdd8477e9d454654cf99f623a1fbdbe4d64a
earmaster_reviews,12562194773,2025-04-19T08:39:20-07:00,5,7.7.1,https://itunes.apple.com/us/rss/customerreviews/page=1/id=1105030163/sortby=mostrecent/json,b84981d4008b2e4ebc6fd281697bc84ae77b454cd4bfd425998562de7e3d314c
earmaster_reviews,12530960716,2025-04-11T10:02:06-07:00,2,7.7.1,https://itunes.apple.com/us/rss/customerreviews/page=1/id=1105030163/sortby=mostrecent/json,ca44c073c114ba4ac91519825992f4e6f43618c8c0e9ff0022a77874dae8cba5
earmaster_reviews,12347493534,2025-02-23T15:48:31-07:00,5,7.7.1,https://itunes.apple.com/us/rss/customerreviews/page=1/id=1105030163/sortby=mostrecent/json,5985fbc89046fe04f6977a50645660057982ad1669edec6ab2ed04b90e44584b
earmaster_reviews,12182117147,2025-01-13T21:40:42-07:00,5,7.6.3,https://itunes.apple.com/us/rss/customerreviews/page=1/id=1105030163/sortby=mostrecent/json,9f1c2254f30a547c39b7efbd82fc527d4cb74d3a079fcffe2d638b5625a01fe6
earmaster_reviews,12176967775,2025-01-12T13:24:09-07:00,1,7.6.3,https://itunes.apple.com/us/rss/customerreviews/page=1/id=1105030163/sortby=mostrecent/json,fa12dc282589229dd0be72e482ac57999fc5c36bd386138221fa61ab8622c7cc
earmaster_reviews,11445133489,2024-07-01T10:24:32-07:00,5,7.5.3,https://itunes.apple.com/us/rss/customerreviews/page=1/id=1105030163/sortby=mostrecent/json,5f580ee5f8ddc99253c3cdc2dbe2f62c28919e1b9baca0633cc9db1c8adce24d
earmaster_reviews,11252710723,2024-05-10T09:10:24-07:00,2,7.5.2,https://itunes.apple.com/us/rss/customerreviews/page=1/id=1105030163/sortby=mostrecent/json,4e7b0a0bce46e101b45644dc34f1ef9c55417071ff54ca35656005f1e404cac5
earmaster_reviews,10687874246,2023-12-12T17:22:11-07:00,4,7.4.8,https://itunes.apple.com/us/rss/customerreviews/page=1/id=1105030163/sortby=mostrecent/json,84a428ac7eb7d0030717171ca500c1ef90c9ef9f79ca51ee5cdcc0a7fac55522
earmaster_reviews,10532441628,2023-10-30T11:32:38-07:00,5,7.4.7,https://itunes.apple.com/us/rss/customerreviews/page=1/id=1105030163/sortby=mostrecent/json,ef81a727f955caf34dfd4ebc49ef6263c61a53c30d8b0d779913b1ae93d17a9c
earmaster_reviews,10426193578,2023-10-01T01:48:02-07:00,2,7.4.7,https://itunes.apple.com/us/rss/customerreviews/page=1/id=1105030163/sortby=mostrecent/json,021af572a0a06e326001d5bbba816023f0b12651d6fd4a41a71f1c8454e010e9
earmaster_reviews,10284812450,2023-08-21T15:27:25-07:00,3,7.4.6,https://itunes.apple.com/us/rss/customerreviews/page=1/id=1105030163/sortby=mostrecent/json,fa9c48f397471d114fef28eb71a7b5667fc478e017c56fea8591f7dabc7cbc75
earmaster_reviews,10250474485,2023-08-12T13:31:04-07:00,5,7.4.6,https://itunes.apple.com/us/rss/customerreviews/page=1/id=1105030163/sortby=mostrecent/json,72f8f83b2a1085195a8ce784c58e78d65da262dd544398aefea03f047a3366e2
earmaster_reviews,10058748429,2023-06-21T17:44:53-07:00,5,7.4.6,https://itunes.apple.com/us/rss/customerreviews/page=1/id=1105030163/sortby=mostrecent/json,c265dec9dc5dfd0771019b699c9a2c917a984bd8df813a8b0469023899d484d2
earmaster_reviews,9641062080,2023-02-21T10:12:04-07:00,3,7.4.1,https://itunes.apple.com/us/rss/customerreviews/page=1/id=1105030163/sortby=mostrecent/json,ef58f17b21a52da378a9f39bd58b01b305065892a35f090639dcc16f77541358
earmaster_reviews,8992756524,2022-08-18T15:42:58-07:00,1,1.1.13,https://itunes.apple.com/us/rss/customerreviews/page=1/id=1105030163/sortby=mostrecent/json,d6bcea2041defde276385fdda52c768f323277896934bf43babc7a7fadb0f9e7
earmaster_reviews,8741628414,2022-06-04T15:21:55-07:00,5,1.1.13,https://itunes.apple.com/us/rss/customerreviews/page=1/id=1105030163/sortby=mostrecent/json,d47d0e3313d4a7c7aede44d673bcdfcb571cb9ae2b319dbf4a2465ece8f94081
earmaster_reviews,8527543585,2022-04-03T08:27:05-07:00,5,1.1.13,https://itunes.apple.com/us/rss/customerreviews/page=1/id=1105030163/sortby=mostrecent/json,1d5ebda5322dda0f3ae4a6519d1cd6452411341d13ea9a4ebe2725f4e43cf885
earmaster_reviews,8473706335,2022-03-19T13:06:12-07:00,5,1.1.13,https://itunes.apple.com/us/rss/customerreviews/page=1/id=1105030163/sortby=mostrecent/json,02dd77c38f4357c5576ef892306e1947088202f48e56ed6a0cf35f59da5b94a4
earmaster_reviews,8197015770,2022-01-02T12:38:03-07:00,2,1.1.13,https://itunes.apple.com/us/rss/customerreviews/page=1/id=1105030163/sortby=mostrecent/json,c25aba53a8b6b09fef572d077c9089269f572775a6efba767b70f4f8aab30ced
earmaster_reviews,8105916952,2021-12-07T13:53:10-07:00,5,1.1.12,https://itunes.apple.com/us/rss/customerreviews/page=1/id=1105030163/sortby=mostrecent/json,0e7f080b9b5ba4e7e1b420c310e140e7d0148233f51651a416ee4c4c1786173e
earmaster_reviews,7806488351,2021-09-14T13:55:29-07:00,4,1.1.11,https://itunes.apple.com/us/rss/customerreviews/page=1/id=1105030163/sortby=mostrecent/json,d987bc4e7d23be392f28f5d7f32528e8443fad7af64f5b20f716ee64afa6c9b1
earmaster_reviews,7192569615,2021-04-06T19:45:21-07:00,5,1.1.10,https://itunes.apple.com/us/rss/customerreviews/page=1/id=1105030163/sortby=mostrecent/json,1c6b874bedd07c5371148c3f133277107bb41686a2ca60e71829930594bb03d4
earmaster_reviews,7135864542,2021-03-23T08:58:50-07:00,5,1.1.10,https://itunes.apple.com/us/rss/customerreviews/page=1/id=1105030163/sortby=mostrecent/json,e79cf87a605148c47a7bfbe59ea733cff3c0d59bf3bbe6bb36dbece9aab940c5
earmaster_reviews,7125439916,2021-03-20T14:59:18-07:00,5,1.1.10,https://itunes.apple.com/us/rss/customerreviews/page=1/id=1105030163/sortby=mostrecent/json,e864ba38edb2774342de3ac53e1d65da4328882943bac049d178bffcd0667c05
earmaster_reviews,6946074437,2021-02-02T13:25:14-07:00,1,1.1.9,https://itunes.apple.com/us/rss/customerreviews/page=1/id=1105030163/sortby=mostrecent/json,83866606fbf721c4847147887add26a68f3432d824f929fbdcdbd6ada0b5c578
earmaster_reviews,6797265590,2020-12-26T15:38:27-07:00,4,1.1.8,https://itunes.apple.com/us/rss/customerreviews/page=1/id=1105030163/sortby=mostrecent/json,0a6bfdb0d43800361f70a35443e9741adca1a21033d037a802ae59f9b18e01ae
earmaster_reviews,6744872132,2020-12-12T04:34:20-07:00,4,1.1.7,https://itunes.apple.com/us/rss/customerreviews/page=1/id=1105030163/sortby=mostrecent/json,5f6e579daaaa5c328e01b894025bbac5da0572f90fd3611fe2e2c492dfb08d64
earmaster_reviews,6661411095,2020-11-18T20:45:19-07:00,5,1.1.6,https://itunes.apple.com/us/rss/customerreviews/page=1/id=1105030163/sortby=mostrecent/json,ec4a8cd0a3811378c93470583eff9166e917cc857cff6c87944fae95d70ec6c7
earmaster_reviews,6579737869,2020-10-27T08:16:14-07:00,5,1.1.6,https://itunes.apple.com/us/rss/customerreviews/page=1/id=1105030163/sortby=mostrecent/json,8700c758645b8fd09fdf3b7e1fd8f4362c76bb90db9b69deb6d791593364b0ed
earmaster_reviews,6421957677,2020-09-12T09:00:55-07:00,5,1.1.5,https://itunes.apple.com/us/rss/customerreviews/page=1/id=1105030163/sortby=mostrecent/json,1c3872defcdb4fd5f773e57211f337b06488882ede23e8afd9004d46ec125f57
earmaster_reviews,6143009057,2020-07-01T00:08:45-07:00,5,1.1.5,https://itunes.apple.com/us/rss/customerreviews/page=1/id=1105030163/sortby=mostrecent/json,425b48bd8f9a8a6bc63a289ab57e78ba8774c01ec26b047494501c8492224ff8
earmaster_reviews,6140912507,2020-06-30T10:59:31-07:00,5,1.1.5,https://itunes.apple.com/us/rss/customerreviews/page=1/id=1105030163/sortby=mostrecent/json,f160bf78ffd5b1ecc1d6c13be4d75d282208230f0acb77fa0cbde64ab055939f
earmaster_reviews,6083590595,2020-06-16T09:07:25-07:00,4,1.1.4,https://itunes.apple.com/us/rss/customerreviews/page=1/id=1105030163/sortby=mostrecent/json,316cf9def7a0657a8ef673c6c236ab8749ec83176662e8ac2cfceaea9196fb92
earmaster_reviews,5994380575,2020-05-25T19:34:16-07:00,5,1.1.4,https://itunes.apple.com/us/rss/customerreviews/page=1/id=1105030163/sortby=mostrecent/json,9388556b0f39c55dffe82191ff61dd023e47ea8a46c26848767d58734b0536ff
earmaster_reviews,5884333102,2020-04-30T08:08:36-07:00,4,1.1.4,https://itunes.apple.com/us/rss/customerreviews/page=1/id=1105030163/sortby=mostrecent/json,3b241c4a5dd292cd97c8ef7c84cfc85be8f767c269ec459a823545e214b48707
earmaster_reviews,5843793618,2020-04-21T07:29:46-07:00,1,1.1.4,https://itunes.apple.com/us/rss/customerreviews/page=1/id=1105030163/sortby=mostrecent/json,702b45e01dadaecfe89f14f5630bbc35c623cdd458042054507ecae87680dec2
earmaster_reviews,5835681672,2020-04-19T13:01:43-07:00,3,1.1.4,https://itunes.apple.com/us/rss/customerreviews/page=1/id=1105030163/sortby=mostrecent/json,ae88cf3e49742a0aae393aadbaec9d64284c1e8abb317ef4cd09647f15772a9f
earpeggio_reviews,14599800078,2026-09-27T07:42:06-07:00,5,2.25,https://itunes.apple.com/us/rss/customerreviews/page=1/id=884775105/sortby=mostrecent/json,3b904b04789d6a64e37a1e8cf286409193f2db9d6a34a8849d83484683f091c0
earpeggio_reviews,14585134142,2026-09-23T12:25:32-07:00,1,2.25,https://itunes.apple.com/us/rss/customerreviews/page=1/id=884775105/sortby=mostrecent/json,e6c8004faef6c8d742c47fa67ffa89a46c5574f9810f039c825e68495a864bbe
earpeggio_reviews,14578671729,2026-09-21T20:51:15-07:00,5,2.25,https://itunes.apple.com/us/rss/customerreviews/page=1/id=884775105/sortby=mostrecent/json,ba39c7a8fb48447d8430ae0bde0976532228375aceaea4904f890561ff9d3f25
earpeggio_reviews,14518096114,2026-09-06T08:57:22-07:00,5,2.24,https://itunes.apple.com/us/rss/customerreviews/page=1/id=884775105/sortby=mostrecent/json,ceb2e69f12bb1f0ab50517f0dbf4a5eeead037e09145e9135159f7279303f2f0
earpeggio_reviews,14504059728,2026-09-02T19:29:01-07:00,4,2.24,https://itunes.apple.com/us/rss/customerreviews/page=1/id=884775105/sortby=mostrecent/json,b098d8d733513b1356ce49b4feff12ebd7f8c2d8f803496388135d1be90a1244
earpeggio_reviews,14485786967,2026-08-29T05:27:53-07:00,5,2.24,https://itunes.apple.com/us/rss/customerreviews/page=1/id=884775105/sortby=mostrecent/json,15e4abd3eaf15c93340155889b49bfb7b13fe7053edac2f044b5a24c87d344ea
earpeggio_reviews,14447447319,2026-08-19T09:26:23-07:00,5,2.24,https://itunes.apple.com/us/rss/customerreviews/page=1/id=884775105/sortby=mostrecent/json,b8d7acf56771a0a66acb931158fc53447dcf007b97d4f081033ebbb8389f95c2
earpeggio_reviews,14245134391,2026-06-30T06:31:05-07:00,2,2.23,https://itunes.apple.com/us/rss/customerreviews/page=1/id=884775105/sortby=mostrecent/json,2bae9643074a7cd9ba270657544c7fe54f63317e27175fce28190b026b8790a4
earpeggio_reviews,14242517576,2026-06-29T14:27:58-07:00,5,2.23,https://itunes.apple.com/us/rss/customerreviews/page=1/id=884775105/sortby=mostrecent/json,28a4d1687adef605c78d6a031fd58091f4860073a9f38b183c97084f5723d206
earpeggio_reviews,14222982090,2026-06-24T19:48:35-07:00,4,2.23,https://itunes.apple.com/us/rss/customerreviews/page=1/id=884775105/sortby=mostrecent/json,8c03fc3b2f0eb6e33084bf8b2982181ca95469080ac4d68a7c3fa6abd1c0e3e8
earpeggio_reviews,14148929510,2026-06-05T18:45:06-07:00,5,2.23,https://itunes.apple.com/us/rss/customerreviews/page=1/id=884775105/sortby=mostrecent/json,8bba469ba849138e8d5f836a7c37277978374eafa86a06bc33575c5dfa7c0f6d
earpeggio_reviews,14070934701,2026-05-16T06:18:04-07:00,5,2.22,https://itunes.apple.com/us/rss/customerreviews/page=1/id=884775105/sortby=mostrecent/json,9479fa908ed5ab629088f85a84b22fb8041118f07ed3279b63673a965ae2f029
earpeggio_reviews,14023974200,2026-05-03T07:35:35-07:00,3,2.21,https://itunes.apple.com/us/rss/customerreviews/page=1/id=884775105/sortby=mostrecent/json,67e95a2dd0c2dee3f40c028657cce577990417bec3fd979a0a9d93f0fdd81f57
earpeggio_reviews,14011341577,2026-04-29T19:57:28-07:00,5,2.21,https://itunes.apple.com/us/rss/customerreviews/page=1/id=884775105/sortby=mostrecent/json,f10e8d1a1b4920a6426f590f3d4b2c00a801c7aa7f4e7676076fc7525e774644
earpeggio_reviews,13930726633,2026-04-06T19:12:23-07:00,3,2.21,https://itunes.apple.com/us/rss/customerreviews/page=1/id=884775105/sortby=mostrecent/json,91b2888bdff61f1c9978ed68b4e841a6e57169d33cbf985689747d1584a7642e
earpeggio_reviews,13915139155,2026-04-02T11:15:28-07:00,5,2.21,https://itunes.apple.com/us/rss/customerreviews/page=1/id=884775105/sortby=mostrecent/json,309f927c1c7795eb79df06988bf48f8e8c627efa2f392c636fb80536166c9bd3
earpeggio_reviews,13871971342,2026-03-21T08:52:10-07:00,4,2.21,https://itunes.apple.com/us/rss/customerreviews/page=1/id=884775105/sortby=mostrecent/json,d6d80dec180e533802a640d54ad30084fd724c945d0a9ee133ba3adb943f60b3
earpeggio_reviews,13787190926,2026-02-25T03:33:21-07:00,5,2.20,https://itunes.apple.com/us/rss/customerreviews/page=1/id=884775105/sortby=mostrecent/json,5da287c4bcecd43e3a67e924ca52f80ebddac72e5cb83d7794c9049a235ef5a4
earpeggio_reviews,13754232525,2026-02-15T20:30:45-07:00,5,2.20,https://itunes.apple.com/us/rss/customerreviews/page=1/id=884775105/sortby=mostrecent/json,735c6f70ad747232e707007e7b78a7a44778452ffc2c82846ebf09c9df9aaf90
earpeggio_reviews,13731422135,2026-02-09T10:50:47-07:00,5,2.20,https://itunes.apple.com/us/rss/customerreviews/page=1/id=884775105/sortby=mostrecent/json,d7c74e769d457902022f1311bfe30366ae072c02f0e41fdd76e7443193d994dc
earpeggio_reviews,13724567477,2026-02-07T14:00:40-07:00,1,2.19,https://itunes.apple.com/us/rss/customerreviews/page=1/id=884775105/sortby=mostrecent/json,84304ebe865dbf7ab08cf06ea354aa43b725956210ee8b2467dc82fe0597c3e4
earpeggio_reviews,13717570893,2026-02-05T17:19:13-07:00,5,2.19,https://itunes.apple.com/us/rss/customerreviews/page=1/id=884775105/sortby=mostrecent/json,421075fd25ce6aaad09854b18ad9d7b2af7785b64efcae00a45b33dbf0bfa8d4
earpeggio_reviews,13679626702,2026-01-26T16:24:59-07:00,2,2.19,https://itunes.apple.com/us/rss/customerreviews/page=1/id=884775105/sortby=mostrecent/json,9e883153708c911b97693d6de7fb3cc3228c48441b9c7b331b0bece09f0fcd6f
earpeggio_reviews,13625076777,2026-01-12T06:09:53-07:00,2,2.19,https://itunes.apple.com/us/rss/customerreviews/page=1/id=884775105/sortby=mostrecent/json,d464c3a290eeac303533abf4f26289a4e68f01511711fcba2ec8da1c175e5758
earpeggio_reviews,13570337790,2025-12-29T13:04:59-07:00,5,2.19,https://itunes.apple.com/us/rss/customerreviews/page=1/id=884775105/sortby=mostrecent/json,022ff1691a6777d62121cd50a40ce6668f2ee039ea39903bd0bc6949e5b34834
earpeggio_reviews,13566706238,2025-12-28T15:42:37-07:00,4,2.19,https://itunes.apple.com/us/rss/customerreviews/page=1/id=884775105/sortby=mostrecent/json,06ffad374ce6dc612b93c1dd334fc5b8fd05de77add3b966d181dec9955d2adb
earpeggio_reviews,13565295591,2025-12-28T07:58:33-07:00,3,2.19,https://itunes.apple.com/us/rss/customerreviews/page=1/id=884775105/sortby=mostrecent/json,7b49be3558f2a7e6c3a92af6da78eea24202d84e6f208b36a528668903c70440
earpeggio_reviews,13525337470,2025-12-17T14:35:19-07:00,5,2.19,https://itunes.apple.com/us/rss/customerreviews/page=1/id=884775105/sortby=mostrecent/json,44e27bef18728888e71f81665a0a2f3fd250377a2f019053ed7b454cee2a409a
earpeggio_reviews,13514616064,2025-12-14T16:18:43-07:00,5,2.19,https://itunes.apple.com/us/rss/customerreviews/page=1/id=884775105/sortby=mostrecent/json,f77124c3df5ebac375adbc9686260d132f30796647a3d3dae761d51db6bd832d
earpeggio_reviews,13385995253,2025-11-11T11:59:15-07:00,1,2.18,https://itunes.apple.com/us/rss/customerreviews/page=1/id=884775105/sortby=mostrecent/json,9467e48ac945f7dd9012f73c332f465aa76c979335e86a0dbc41e7880e64fc13
earpeggio_reviews,13194248144,2025-09-27T19:52:10-07:00,4,2.18,https://itunes.apple.com/us/rss/customerreviews/page=1/id=884775105/sortby=mostrecent/json,4b491ebb688a8f3b51363c8fe35b8c29bcf0509bf934107649b797180066f695
earpeggio_reviews,13055661298,2025-08-24T10:40:10-07:00,5,2.18,https://itunes.apple.com/us/rss/customerreviews/page=1/id=884775105/sortby=mostrecent/json,ed291d338cd4d18ddbb9f5683de5a6bdfee9a8899c6669e053bacab8b62ddcdc
earpeggio_reviews,13028851800,2025-08-17T14:37:58-07:00,5,2.17.2,https://itunes.apple.com/us/rss/customerreviews/page=1/id=884775105/sortby=mostrecent/json,19f09bd5504b6ed1e9842cac3f1e0ba1c263487187d76bcdfb199063bc4f667c
earpeggio_reviews,12984737909,2025-08-06T15:42:15-07:00,4,2.17.2,https://itunes.apple.com/us/rss/customerreviews/page=1/id=884775105/sortby=mostrecent/json,1adbad9c07b7323e18c4de2f9c607c2f78619d953ee4c6baf8d005ef23c6fc62
earpeggio_reviews,12848929573,2025-07-03T13:47:46-07:00,3,2.17.2,https://itunes.apple.com/us/rss/customerreviews/page=1/id=884775105/sortby=mostrecent/json,5d65bf5c334db5addeb1a615fe8c00e8f643fa4c56b8865405c73bd5be4cda82
earpeggio_reviews,12821046807,2025-06-26T15:02:42-07:00,5,2.17.2,https://itunes.apple.com/us/rss/customerreviews/page=1/id=884775105/sortby=mostrecent/json,9febcb88894ef16d00c455ffe4d573554f19f492ad32b35b5f8600f373c25560
earpeggio_reviews,12626001283,2025-05-06T06:41:48-07:00,5,2.17.2,https://itunes.apple.com/us/rss/customerreviews/page=1/id=884775105/sortby=mostrecent/json,9fbd7eea067dcc788f99d24a73de1104ec2f0328ec20acb3fcb8892b3d290253
earpeggio_reviews,12616145289,2025-05-03T14:46:41-07:00,5,2.17.2,https://itunes.apple.com/us/rss/customerreviews/page=1/id=884775105/sortby=mostrecent/json,064ffc4fe240c7ccdc08fd96470f862dea39107a6c43083ed5906b80cac3ef28
earpeggio_reviews,12562798400,2025-04-19T11:46:16-07:00,3,2.17.2,https://itunes.apple.com/us/rss/customerreviews/page=1/id=884775105/sortby=mostrecent/json,7fd92e8ef8626aec2405ab91ecb7d2cc26e31a3d843433186632c000a475e568
earpeggio_reviews,12486047056,2025-03-31T03:29:33-07:00,5,2.17.2,https://itunes.apple.com/us/rss/customerreviews/page=1/id=884775105/sortby=mostrecent/json,c5b946dd6251c4e8d0d351126b075f623a81d488082cc527a704203d491915c0
earpeggio_reviews,12419392461,2025-03-14T07:00:27-07:00,5,2.17.2,https://itunes.apple.com/us/rss/customerreviews/page=1/id=884775105/sortby=mostrecent/json,811ad5a2e9320a4e7d2d6098d3b4de2115fec276bdee0f59547c6b2b64d6e2cd
earpeggio_reviews,12398638070,2025-03-08T17:32:08-07:00,5,2.17.2,https://itunes.apple.com/us/rss/customerreviews/page=1/id=884775105/sortby=mostrecent/json,18ded61d26ff80afa61a4f16bfdae7912c9846e6d4f12a301c926716ad258850
earpeggio_reviews,12394290743,2025-03-07T16:11:10-07:00,5,2.17.2,https://itunes.apple.com/us/rss/customerreviews/page=1/id=884775105/sortby=mostrecent/json,d60354e879eddaadd76f2956190b369ec35dbd81a6c6e49f12dc0bb4ab598317
earpeggio_reviews,12358949844,2025-02-26T15:45:18-07:00,2,2.17.2,https://itunes.apple.com/us/rss/customerreviews/page=1/id=884775105/sortby=mostrecent/json,b4b3d34cda2b414f06735141f19fa67891d8f29b5abf46cab04e81ac24c1fe4f
earpeggio_reviews,12323422162,2025-02-17T14:11:00-07:00,5,2.17.2,https://itunes.apple.com/us/rss/customerreviews/page=1/id=884775105/sortby=mostrecent/json,8be0c68943ae2ac5a52b59f6818905b5656449c364e2862c047bf578037fe474
earpeggio_reviews,12277821170,2025-02-06T05:51:53-07:00,5,2.17.2,https://itunes.apple.com/us/rss/customerreviews/page=1/id=884775105/sortby=mostrecent/json,5174767a76ced62fc4513a92651dd107a62743770224c38ee6530d50922ee1a5
earpeggio_reviews,12256022591,2025-01-31T23:09:28-07:00,5,2.17.2,https://itunes.apple.com/us/rss/customerreviews/page=1/id=884775105/sortby=mostrecent/json,dbb9767184b99594ba2835de3c019db7c0ae64805ba3cfd5c1779f9c201e6dbf
earpeggio_reviews,12237813983,2025-01-27T09:17:00-07:00,5,2.17.2,https://itunes.apple.com/us/rss/customerreviews/page=1/id=884775105/sortby=mostrecent/json,fbebed81ee323004a4b3b73a5f823c067aee44a68111f977a2a48820d0380035
earpeggio_reviews,12217305532,2025-01-22T09:31:28-07:00,5,2.17.2,https://itunes.apple.com/us/rss/customerreviews/page=1/id=884775105/sortby=mostrecent/json,652b17fb54e939ec73dec5b1f5e85fa2a0ca26ff2bb750c5b4f1d07773f23f2a
earpeggio_reviews,12091078692,2024-12-21T18:58:03-07:00,3,2.17.2,https://itunes.apple.com/us/rss/customerreviews/page=1/id=884775105/sortby=mostrecent/json,37351a9a1596eee74ef8630a2fac1cca5a54de1a0eea978623939d54a0332a06
functional_reviews,14634617288,2026-10-06T07:39:27-07:00,5,3.32.15,https://itunes.apple.com/us/rss/customerreviews/page=1/id=1088761926/sortby=mostrecent/json,0a3bdd29db41829506f831150ace5f1466db63207bae32fc3b7a8544bddc77f1
functional_reviews,14622788336,2026-10-03T06:26:24-07:00,5,3.32.15,https://itunes.apple.com/us/rss/customerreviews/page=1/id=1088761926/sortby=mostrecent/json,1d272c136217072fa24dc362740de2a810bc763b500568a7dd8a73ddf34a210b
functional_reviews,14616253249,2026-10-01T13:15:08-07:00,5,3.32.15,https://itunes.apple.com/us/rss/customerreviews/page=1/id=1088761926/sortby=mostrecent/json,f0126a60a62ea0e7097a6496bb86eb3e288cd56217875452fe362bc8bb0d65f9
functional_reviews,14615282125,2026-10-01T08:04:17-07:00,5,3.32.15,https://itunes.apple.com/us/rss/customerreviews/page=1/id=1088761926/sortby=mostrecent/json,0a762f3aa8ceb0b4a2edbd1c2e084f44caf9400f66e5a245812a302d1ecee825
functional_reviews,14578280881,2026-09-21T18:11:19-07:00,3,3.32.15,https://itunes.apple.com/us/rss/customerreviews/page=1/id=1088761926/sortby=mostrecent/json,b5dc1124ad44e79140cb3a6f46442a7322323f79a43ca624fde70f3fb01529fe
functional_reviews,14576587892,2026-09-21T08:18:53-07:00,5,3.32.15,https://itunes.apple.com/us/rss/customerreviews/page=1/id=1088761926/sortby=mostrecent/json,968d165cd0b4e1b0ab072cb991d3368f63cec6509d58c4befdffbc1b1ee2ee96
functional_reviews,14543573033,2026-09-12T21:03:04-07:00,5,3.32.15,https://itunes.apple.com/us/rss/customerreviews/page=1/id=1088761926/sortby=mostrecent/json,976d47eca267d719b6e863df1d63914cf6e20cdbe25603840876dccb55ebb5f6
functional_reviews,14536301640,2026-09-11T02:17:50-07:00,5,3.32.15,https://itunes.apple.com/us/rss/customerreviews/page=1/id=1088761926/sortby=mostrecent/json,d9f0c9392707265212f1eb07a419907ee41a8521bd5b67570c7bc131b969386c
functional_reviews,14523476428,2026-09-07T18:00:01-07:00,5,3.32.15,https://itunes.apple.com/us/rss/customerreviews/page=1/id=1088761926/sortby=mostrecent/json,646d5fd1ba1685da37258468dbe9b01f95ce696ede6b1c804cf024d15cc235b1
functional_reviews,14515657964,2026-09-05T18:02:04-07:00,5,3.32.15,https://itunes.apple.com/us/rss/customerreviews/page=1/id=1088761926/sortby=mostrecent/json,c8cc1c7bb662fcb447f52c7e406ded651a1ae0794d62ca630c2ca24f46d01f4a
functional_reviews,14508090610,2026-09-03T20:41:35-07:00,4,3.32.12,https://itunes.apple.com/us/rss/customerreviews/page=1/id=1088761926/sortby=mostrecent/json,e9230c76c77fd07f87ded354c27cf84e5451b8bd7063e2f8d8d649267070d860
functional_reviews,14448005385,2026-08-19T12:27:06-07:00,5,3.28.0,https://itunes.apple.com/us/rss/customerreviews/page=1/id=1088761926/sortby=mostrecent/json,e24bf1887096bc373b7c52aebf1835c241ae6d35702199c0e00bd4e4322e3995
functional_reviews,14372420180,2026-07-31T16:16:49-07:00,5,3.28.0,https://itunes.apple.com/us/rss/customerreviews/page=1/id=1088761926/sortby=mostrecent/json,a7cd34d23585705e1294371d6d2604392e5a8dbb34379188f73f4c1bac39a1ff
functional_reviews,14193491866,2026-06-17T06:44:22-07:00,5,3.28.0,https://itunes.apple.com/us/rss/customerreviews/page=1/id=1088761926/sortby=mostrecent/json,cad6c772be6a4ed9eae4fa0018452311132f5fd06c73561cf3aacd713f713a0c
functional_reviews,14191633996,2026-06-16T18:22:10-07:00,5,3.28.0,https://itunes.apple.com/us/rss/customerreviews/page=1/id=1088761926/sortby=mostrecent/json,2dbf7bbb4ef98184576205946c3f94214498d62d3a63a24c929c047b169c67ce
functional_reviews,14031085664,2026-05-05T07:20:38-07:00,1,3.28.0,https://itunes.apple.com/us/rss/customerreviews/page=1/id=1088761926/sortby=mostrecent/json,9df7fd75180416dbdc56a9a5716ae7b065f1d7b6b13c51b7880f411c716cf8ec
functional_reviews,13953946164,2026-04-13T08:23:25-07:00,1,3.28.0,https://itunes.apple.com/us/rss/customerreviews/page=1/id=1088761926/sortby=mostrecent/json,89042664aeb95b35e7a197812c03051298808e2531a6361e583d0fe72146fa44
functional_reviews,13829079904,2026-03-08T21:36:32-07:00,5,3.28.0,https://itunes.apple.com/us/rss/customerreviews/page=1/id=1088761926/sortby=mostrecent/json,bd3dd91d992f938f0a79a34e2aaa94f19a6be0472602db19e6e3371be16c4f28
functional_reviews,13753436613,2026-02-15T14:39:33-07:00,5,3.28.0,https://itunes.apple.com/us/rss/customerreviews/page=1/id=1088761926/sortby=mostrecent/json,3509f03b72b61b6ea02091f5e29aa5c99f5ba6068575e2422cda3b72e13a4c53
functional_reviews,13711720923,2026-02-04T04:28:25-07:00,5,3.28.0,https://itunes.apple.com/us/rss/customerreviews/page=1/id=1088761926/sortby=mostrecent/json,4ba2f922ef52be912dad1f5d370902a01b508dcd85b7ed33cc896b3d9b54d08c
functional_reviews,13692810167,2026-01-30T05:04:50-07:00,2,3.28.0,https://itunes.apple.com/us/rss/customerreviews/page=1/id=1088761926/sortby=mostrecent/json,a64de86b6b27a8d3af91404ac2071b689bbceae099d3c8038c7815ad7bd8eb19
functional_reviews,13640428265,2026-01-16T08:21:31-07:00,5,3.28.0,https://itunes.apple.com/us/rss/customerreviews/page=1/id=1088761926/sortby=mostrecent/json,a36ee77ab8665c10ad76c0aebd61e1644b7470e858d52e0601db9f0b2671dfc4
functional_reviews,13635310152,2026-01-14T23:59:30-07:00,1,3.28.0,https://itunes.apple.com/us/rss/customerreviews/page=1/id=1088761926/sortby=mostrecent/json,7a0b1862f53f787693ad622312cd70f6c21003dabc9bb161dfbc941355b08f67
functional_reviews,13623628217,2026-01-11T19:47:37-07:00,5,3.28.0,https://itunes.apple.com/us/rss/customerreviews/page=1/id=1088761926/sortby=mostrecent/json,61865658441a065da6e2709c5089258662d411fac6a3b87b93adbe97dabe4ea9
functional_reviews,13602475654,2026-01-06T10:36:20-07:00,4,3.28.0,https://itunes.apple.com/us/rss/customerreviews/page=1/id=1088761926/sortby=mostrecent/json,714b7ed35faba495232b464b7558a6061c585bfac620d607676aa5f42001330e
functional_reviews,13545168924,2025-12-22T23:37:11-07:00,5,3.28.0,https://itunes.apple.com/us/rss/customerreviews/page=1/id=1088761926/sortby=mostrecent/json,2e217ddb1895486d9ad05e37551053a5be6b83fa00b271408501b790dbff5a34
functional_reviews,13457473579,2025-11-29T21:56:23-07:00,5,3.28.0,https://itunes.apple.com/us/rss/customerreviews/page=1/id=1088761926/sortby=mostrecent/json,52be822a14467795ee0aef6b9fd1f93f2e171982b59b31787c0b4931cdffc0b8
functional_reviews,13443848574,2025-11-26T09:22:06-07:00,5,3.28.0,https://itunes.apple.com/us/rss/customerreviews/page=1/id=1088761926/sortby=mostrecent/json,dd0fcf31e4ed88a106248724dca93d827a7cdf42403d4e6803c523fc0ee4114d
functional_reviews,13443773145,2025-11-26T08:58:45-07:00,5,3.28.0,https://itunes.apple.com/us/rss/customerreviews/page=1/id=1088761926/sortby=mostrecent/json,605a6c586f9c18c3756ff142c8ef83009f4994d4b3db51687d818be369857296
functional_reviews,13421735983,2025-11-20T14:17:43-07:00,3,3.28.0,https://itunes.apple.com/us/rss/customerreviews/page=1/id=1088761926/sortby=mostrecent/json,442a49c954e4e1cc12bd0259d460efc2fcbf8eccc296b7b19217d1c7cccc092e
functional_reviews,13326121887,2025-10-28T10:49:34-07:00,5,3.28.0,https://itunes.apple.com/us/rss/customerreviews/page=1/id=1088761926/sortby=mostrecent/json,1084fb71141b9c4adefb7b3dbe36096cb9573982de925ab46a4695a7756ca2a6
functional_reviews,13322534494,2025-10-27T14:09:19-07:00,5,3.24.0,https://itunes.apple.com/us/rss/customerreviews/page=1/id=1088761926/sortby=mostrecent/json,6c80ff708dc622a4ce32f4d1be55e25ac78b3639c7e80ac043fefcac0caa775f
functional_reviews,13316760538,2025-10-26T07:02:18-07:00,5,3.28.0,https://itunes.apple.com/us/rss/customerreviews/page=1/id=1088761926/sortby=mostrecent/json,5aeb4c9681aa4f42e657a234cdc2e6e88260b49c52598efd0cb7510221b3103a
functional_reviews,13310574143,2025-10-24T21:03:09-07:00,5,3.24.0,https://itunes.apple.com/us/rss/customerreviews/page=1/id=1088761926/sortby=mostrecent/json,e280feac5fc9379f58b4197b52346e64d0f4423468bc1c369c00f9732d23d3f7
functional_reviews,13286938778,2025-10-19T07:22:17-07:00,4,3.24.0,https://itunes.apple.com/us/rss/customerreviews/page=1/id=1088761926/sortby=mostrecent/json,92076d03b5441ff00f0d8bffd268816a3f6d2a78536e228cc22f30c01cf15a48
functional_reviews,13282197170,2025-10-18T05:43:16-07:00,5,3.24.0,https://itunes.apple.com/us/rss/customerreviews/page=1/id=1088761926/sortby=mostrecent/json,c0018560d50e8fdd4a87dc2a400ebbdc910e2598c7a11149b3429a7f7430a1cd
functional_reviews,13279635867,2025-10-17T14:14:22-07:00,3,3.24.0,https://itunes.apple.com/us/rss/customerreviews/page=1/id=1088761926/sortby=mostrecent/json,9b347ff358a62e2473f939733ae51c6432bd132144c6285d084c4eb14450cde1
functional_reviews,13273758941,2025-10-16T06:06:47-07:00,5,3.24.0,https://itunes.apple.com/us/rss/customerreviews/page=1/id=1088761926/sortby=mostrecent/json,2f723855414c335aac6e5f8e5059a8a9e9c61c45c699146ea9fd8d843a71d1fc
functional_reviews,13256410359,2025-10-12T03:45:14-07:00,4,3.24.0,https://itunes.apple.com/us/rss/customerreviews/page=1/id=1088761926/sortby=mostrecent/json,02b9dc06ba4fb4d9f108ce1e7902e5b4ab8630c13299f6163ac55c90bbf14a03
functional_reviews,13163118374,2025-09-20T14:33:46-07:00,5,3.24.0,https://itunes.apple.com/us/rss/customerreviews/page=1/id=1088761926/sortby=mostrecent/json,c939327ca16dcf97ca32521d8b834bf1de16573d21deda3bb2a337cf403787a6
functional_reviews,13136510647,2025-09-14T06:22:28-07:00,5,3.24.0,https://itunes.apple.com/us/rss/customerreviews/page=1/id=1088761926/sortby=mostrecent/json,6f5f5b1e35a01978772779f523df7fe2c64f6d73ac7919aa7adc090b96330273
functional_reviews,13110148259,2025-09-07T08:53:13-07:00,5,3.24.0,https://itunes.apple.com/us/rss/customerreviews/page=1/id=1088761926/sortby=mostrecent/json,464e2def80a66e9c3b0913e612362972422e19a52c91acbeaee0e6fdf117609d
functional_reviews,13094043725,2025-09-03T06:46:43-07:00,5,3.24.0,https://itunes.apple.com/us/rss/customerreviews/page=1/id=1088761926/sortby=mostrecent/json,2ea09469c93d299caf7c50df417e4790473ccf07c2f3a314365ed806eeff03ca
functional_reviews,13084177966,2025-08-31T16:42:12-07:00,5,3.24.0,https://itunes.apple.com/us/rss/customerreviews/page=1/id=1088761926/sortby=mostrecent/json,487b7dd27bf35b53ec56e3ba1113bbfc7ceed0958c6dbb1b23549d96408ea733
functional_reviews,13029775348,2025-08-17T20:49:35-07:00,4,3.24.0,https://itunes.apple.com/us/rss/customerreviews/page=1/id=1088761926/sortby=mostrecent/json,82f95773be958c613f4bfc03d227618c65392a4da6eb37258fa1eb8837019c78
functional_reviews,13023759415,2025-08-16T08:47:45-07:00,5,3.24.0,https://itunes.apple.com/us/rss/customerreviews/page=1/id=1088761926/sortby=mostrecent/json,5124253c4fc940b1cabe571ff277232c17dececcd8139b41c99db3c405906a1f
functional_reviews,13017228215,2025-08-14T18:45:34-07:00,5,3.24.0,https://itunes.apple.com/us/rss/customerreviews/page=1/id=1088761926/sortby=mostrecent/json,73a381df97901c00a97cab69fb4d9555d6c472d79e0ad23e875d96dd5268f68c
functional_reviews,12968279557,2025-08-02T12:49:48-07:00,5,3.24.0,https://itunes.apple.com/us/rss/customerreviews/page=1/id=1088761926/sortby=mostrecent/json,e40a9ea95399feabba60575443497ed793e15093b86b8c62767b5889c4def79a
functional_reviews,12939715433,2025-07-26T11:38:56-07:00,3,3.24.0,https://itunes.apple.com/us/rss/customerreviews/page=1/id=1088761926/sortby=mostrecent/json,8f413202f3f53f8d39b7b6c8d5963ed6646a1c1725d7891c4271011a5e91d249
functional_reviews,12927042540,2025-07-23T08:09:19-07:00,5,3.24.0,https://itunes.apple.com/us/rss/customerreviews/page=1/id=1088761926/sortby=mostrecent/json,8dece9d603fa1929449b1838d1e4f3ca49f199a68be5f73c98ebf9d3ae431fd9
heareq_reviews,14581690905,2026-09-22T15:19:30-07:00,5,2.7.2,https://itunes.apple.com/us/rss/customerreviews/page=1/id=840906542/sortby=mostrecent/json,778c26f84979eac02b39c605dc817e518260d807a475388fc30d3ee10f686060
heareq_reviews,13834568576,2026-03-10T13:04:35-07:00,5,2.7.2,https://itunes.apple.com/us/rss/customerreviews/page=1/id=840906542/sortby=mostrecent/json,7dc912211d1ebd58720e1df39ccf56207033af02e0130b024a8dbd00848e96ba
heareq_reviews,13015396786,2025-08-14T08:26:41-07:00,5,2.7.2,https://itunes.apple.com/us/rss/customerreviews/page=1/id=840906542/sortby=mostrecent/json,e090de9269b65081b094122819a117a8ef95d569b952ca45b757aae6cc471496
heareq_reviews,12142712120,2025-01-03T22:44:04-07:00,5,2.7.2,https://itunes.apple.com/us/rss/customerreviews/page=1/id=840906542/sortby=mostrecent/json,0428f1d062e8c84c8367683fa2a725b5a2c5effee775b9a0d701662fa08b8051
heareq_reviews,11348601235,2024-06-05T21:21:21-07:00,5,2.7.2,https://itunes.apple.com/us/rss/customerreviews/page=1/id=840906542/sortby=mostrecent/json,bc061670a5ee7948d43778e55c28c7d67b5cccfb8181a6bef8176d1b1ee52525
heareq_reviews,10628111334,2023-11-26T08:47:26-07:00,5,2.7.2,https://itunes.apple.com/us/rss/customerreviews/page=1/id=840906542/sortby=mostrecent/json,ee46aad0b01d1ffa42f21a3064c07edfd205159fd01eb457c0354a1b9cd1db92
heareq_reviews,10400112722,2023-09-23T15:35:00-07:00,1,2.7.2,https://itunes.apple.com/us/rss/customerreviews/page=1/id=840906542/sortby=mostrecent/json,6852e3004103079d939667cc31115f840eb38160ec6af0b3a296a59d8060ce1e
heareq_reviews,10225728539,2023-08-06T03:55:08-07:00,1,2.7.2,https://itunes.apple.com/us/rss/customerreviews/page=1/id=840906542/sortby=mostrecent/json,2bcdb2eba57b2efa6889740a40fbc165b2a3da243d5543183e2db764f89f5716
heareq_reviews,9369567205,2022-12-07T00:14:05-07:00,5,2.7.1,https://itunes.apple.com/us/rss/customerreviews/page=1/id=840906542/sortby=mostrecent/json,dd4596ba71c2b5e81a89debec0954997198ceeff49ea00839ed46e24eee99e10
heareq_reviews,8750698703,2022-06-07T08:51:37-07:00,1,2.6.0,https://itunes.apple.com/us/rss/customerreviews/page=1/id=840906542/sortby=mostrecent/json,bed8eb434a0f7bd0a86b67af53b5b39c8c5d47b29fb796a0760c445e31b8b68e
heareq_reviews,8669008433,2022-05-13T23:19:57-07:00,5,2.6.0,https://itunes.apple.com/us/rss/customerreviews/page=1/id=840906542/sortby=mostrecent/json,a84939f6e4356d767b5099e8063609aa3e4f0b7304044672fded9e35c5beb22b
heareq_reviews,8610755172,2022-04-27T01:11:45-07:00,5,2.6.0,https://itunes.apple.com/us/rss/customerreviews/page=1/id=840906542/sortby=mostrecent/json,e3afb5ab408cfb3e26ad25e650f86488538d7db36c44b52a97e9aa6b92d2eb72
heareq_reviews,7311189955,2021-05-07T22:28:49-07:00,5,2.4.1,https://itunes.apple.com/us/rss/customerreviews/page=1/id=840906542/sortby=mostrecent/json,1603e007e7611885317030a744916bf9da633cbb78e8fffbd29b1e5d2d02ee14
heareq_reviews,7276939988,2021-04-29T05:13:26-07:00,5,2.4.1,https://itunes.apple.com/us/rss/customerreviews/page=1/id=840906542/sortby=mostrecent/json,de89a8c810bfe4beba4bff843cb30f9bcdf5df0b61da3175dd1768377b49ca87
heareq_reviews,7174142578,2021-04-02T02:57:57-07:00,5,2.4.0,https://itunes.apple.com/us/rss/customerreviews/page=1/id=840906542/sortby=mostrecent/json,10c130d5cea21b5d91925ef0cbfdfd33951bda77bd086fda34d020e5dc1429d9
heareq_reviews,6929185963,2021-01-29T10:37:29-07:00,4,2.4.0,https://itunes.apple.com/us/rss/customerreviews/page=1/id=840906542/sortby=mostrecent/json,9ee9bd89d0e709ebf8c9e249103ce8613d750f31c78482878920f853f5302435
heareq_reviews,6818863991,2021-01-01T10:34:06-07:00,4,2.4.0,https://itunes.apple.com/us/rss/customerreviews/page=1/id=840906542/sortby=mostrecent/json,105ed95df99cae2ee8e3037e2ed8a84e1956536a9d45de1450483d9612edbb09
heareq_reviews,6752704937,2020-12-14T07:32:35-07:00,5,2.4.0,https://itunes.apple.com/us/rss/customerreviews/page=1/id=840906542/sortby=mostrecent/json,c5555a75e90a296faa164ef2d5f524fcce6880581fb92717b432f864cbe76068
heareq_reviews,6579674072,2020-10-27T07:55:24-07:00,5,2.4.0,https://itunes.apple.com/us/rss/customerreviews/page=1/id=840906542/sortby=mostrecent/json,5d9a71c7abb31f6b695f50ddae4a31fa0ee0ce4330058a23b61d4a238b100789
heareq_reviews,6555283432,2020-10-20T07:35:13-07:00,5,2.4.0,https://itunes.apple.com/us/rss/customerreviews/page=1/id=840906542/sortby=mostrecent/json,ea0b5503b4c69749ea78ca831caec77b24ccde91a93c8a8f7b4339dece1e6510
heareq_reviews,6018467817,2020-05-31T10:11:44-07:00,5,2.4.0,https://itunes.apple.com/us/rss/customerreviews/page=1/id=840906542/sortby=mostrecent/json,8f955df5c296a3bed162181c23d7ba7b3d9d0c76b4fd1be442ecbf0401a0b093
heareq_reviews,6005883063,2020-05-28T10:50:16-07:00,5,2.4.0,https://itunes.apple.com/us/rss/customerreviews/page=1/id=840906542/sortby=mostrecent/json,c3d9ba668c553b53c8fb0a52e13006bf18f814281c7a1f4e2fcbc71602727b8b
heareq_reviews,5875335063,2020-04-28T06:58:31-07:00,5,2.4.0,https://itunes.apple.com/us/rss/customerreviews/page=1/id=840906542/sortby=mostrecent/json,7bb5acf8cc906112069c907920ae1641d1a100db45a5562e8f199968d3e05aed
heareq_reviews,5571432536,2020-02-23T13:17:37-07:00,5,2.4.0,https://itunes.apple.com/us/rss/customerreviews/page=1/id=840906542/sortby=mostrecent/json,ad089acbf907eedc9cf685aac849d9833d373cb2750250806f87f551071de9a7
heareq_reviews,5019621813,2019-10-26T01:32:12-07:00,3,2.4.0,https://itunes.apple.com/us/rss/customerreviews/page=1/id=840906542/sortby=mostrecent/json,a2508d8d967e2a53ae3ee4f2b2bf68943c720a3971ff44c2f053d210f78d0a3f
heareq_reviews,4803723904,2019-09-19T04:14:38-07:00,5,2.4.0,https://itunes.apple.com/us/rss/customerreviews/page=1/id=840906542/sortby=mostrecent/json,ae5ecced07e67adffcccaad0cf0426f318f445b92d762f9be265c6fd4e2776d7
heareq_reviews,4661494703,2019-08-23T12:38:16-07:00,5,2.4.0,https://itunes.apple.com/us/rss/customerreviews/page=1/id=840906542/sortby=mostrecent/json,a05ca697464a11a6c8ff6df30ba2ad54b35b176f68f759e0627715714efe3dfb
heareq_reviews,4159405694,2019-05-16T06:21:25-07:00,4,2.3.2,https://itunes.apple.com/us/rss/customerreviews/page=1/id=840906542/sortby=mostrecent/json,5ea61237271c412224687ba0f89eaef76c774581fce2f15e1eb914b0a39f97d0
heareq_reviews,3436594103,2018-11-19T09:18:10-07:00,5,2.3.2,https://itunes.apple.com/us/rss/customerreviews/page=1/id=840906542/sortby=mostrecent/json,904ba0f9e60805167595b5c8eb06e63dc7f3992a27a4016e659b71eace98c8a6
heareq_reviews,3342429510,2018-10-25T07:47:43-07:00,5,2.3.2,https://itunes.apple.com/us/rss/customerreviews/page=1/id=840906542/sortby=mostrecent/json,8e9f25cf9d299ec6b1f98a7ce393192dd940b57b7425b4ce1b3cf529742420a0
heareq_reviews,2967309200,2018-07-25T07:04:20-07:00,5,2.3.1,https://itunes.apple.com/us/rss/customerreviews/page=1/id=840906542/sortby=mostrecent/json,86450a02123f20a203e6fad543e4207a5b21a234846cdace60d8097bfb9a971a
heareq_reviews,2092309338,2018-01-15T10:30:58-07:00,5,2.3.1,https://itunes.apple.com/us/rss/customerreviews/page=1/id=840906542/sortby=mostrecent/json,3f391ed910cb7dac27f015303f04965b13d4debfb13b2f6036483b7e1bf54aa3
heareq_reviews,1903086861,2017-11-06T20:55:10-07:00,4,2.3.0,https://itunes.apple.com/us/rss/customerreviews/page=1/id=840906542/sortby=mostrecent/json,c94880ffe12b0cb31e2e09566d180f740df93b5ceea0aad27f7cf56bc5f3272a
heareq_reviews,1855420219,2017-10-17T09:03:19-07:00,5,2.2.0,https://itunes.apple.com/us/rss/customerreviews/page=1/id=840906542/sortby=mostrecent/json,52d20c6c1e43a7abc9519ac327905da96e7f6800ee237427a966d1cd7e3351ca
heareq_reviews,1851246730,2017-10-15T12:53:36-07:00,5,2.2.0,https://itunes.apple.com/us/rss/customerreviews/page=1/id=840906542/sortby=mostrecent/json,fb8fcab4d4fed1ac5a21b97e66047b62c17c670e78e727678bdaf91e23aede45
heareq_reviews,1778837411,2017-09-07T08:05:20-07:00,5,2.2.0,https://itunes.apple.com/us/rss/customerreviews/page=1/id=840906542/sortby=mostrecent/json,d0bf474b2dc6cf56637e811dd018698f43413613d4dae19f80060bfa1243d0e6
heareq_reviews,1717899647,2017-08-07T19:54:54-07:00,5,2.2.0,https://itunes.apple.com/us/rss/customerreviews/page=1/id=840906542/sortby=mostrecent/json,747eb19e45aa74be4db6a092f49bbb9e25ddb616196d813cfa33bcc19543bb3e
heareq_reviews,1695761453,2017-07-23T22:55:14-07:00,5,2.2.0,https://itunes.apple.com/us/rss/customerreviews/page=1/id=840906542/sortby=mostrecent/json,1f91caeed7efb4ace3731dca168d143d9314ae74414f7b9740536b681854a569
heareq_reviews,1633452859,2017-06-04T06:54:21-07:00,4,2.2.0,https://itunes.apple.com/us/rss/customerreviews/page=1/id=840906542/sortby=mostrecent/json,e58cc8fd4858b9160f33d9e7efa589721f8dd34fce5f7d9b6e684b6bb446e610
heareq_reviews,1619149799,2017-05-20T05:23:16-07:00,5,2.2.0,https://itunes.apple.com/us/rss/customerreviews/page=1/id=840906542/sortby=mostrecent/json,07c204bb2dd6e8a111233d4720c9f4becbcbff955f41307b1cc95a782f93021f
heareq_reviews,1615837644,2017-05-16T19:55:55-07:00,5,2.2.0,https://itunes.apple.com/us/rss/customerreviews/page=1/id=840906542/sortby=mostrecent/json,b6dc07bf3ae91d02953e67b0e3df38bbc3ee69be952aeae459a3d4968d67aa9c
heareq_reviews,1601666341,2017-04-30T10:58:57-07:00,5,2.2.0,https://itunes.apple.com/us/rss/customerreviews/page=1/id=840906542/sortby=mostrecent/json,a101c7902752176d933c7027d9da3d71bfced13710dca9aa76d77695d3c9c8a6
heareq_reviews,1592358160,2017-04-18T23:43:00-07:00,5,2.2.0,https://itunes.apple.com/us/rss/customerreviews/page=1/id=840906542/sortby=mostrecent/json,86016b607b15d6d812e0d0bae210578955c03e41fc0122269094b879258a7e59
heareq_reviews,1580581405,2017-04-04T07:31:28-07:00,5,2.2.0,https://itunes.apple.com/us/rss/customerreviews/page=1/id=840906542/sortby=mostrecent/json,14b2e7dc9edc774ac36e0d337f6d3c9a9ee78083d2e8ddf38a0116dceedbc891
heareq_reviews,1535975310,2017-02-02T21:12:07-07:00,5,2.2.0,https://itunes.apple.com/us/rss/customerreviews/page=1/id=840906542/sortby=mostrecent/json,6bc7a23c37e0dfad504563c6afa5100548520c9c4987ac2fd454fb105e013039
heareq_reviews,1480613417,2016-11-07T18:19:13-07:00,5,2.1.0,https://itunes.apple.com/us/rss/customerreviews/page=1/id=840906542/sortby=mostrecent/json,cc56d0b89f1b27b4c69aa951fb4a17915613b68670db9e90970ba0193a0dcf73
heareq_reviews,1474664437,2016-10-28T13:44:01-07:00,5,2.0.0,https://itunes.apple.com/us/rss/customerreviews/page=1/id=840906542/sortby=mostrecent/json,d9f761ff0328203821bfde9241638582f424058e9bdc6a49c7faad497c68ecd2
heareq_reviews,1471502710,2016-10-22T22:38:14-07:00,2,2.0.0,https://itunes.apple.com/us/rss/customerreviews/page=1/id=840906542/sortby=mostrecent/json,b59815b4463fae605d471aca826390d9e42944dd10f771c61a976430fa6fffc9
heareq_reviews,1465052448,2016-10-11T11:28:27-07:00,4,2.0.0,https://itunes.apple.com/us/rss/customerreviews/page=1/id=840906542/sortby=mostrecent/json,888eb23513d0ecd48a218b87485c53288328d3f576ebc8e25e459310cd70b446
heareq_reviews,1440316173,2016-08-27T16:25:00-07:00,5,1.5.0,https://itunes.apple.com/us/rss/customerreviews/page=1/id=840906542/sortby=mostrecent/json,d8c3535bd63f635475b6476916e1c6d2047700b601732c3aa13ac02657287a6b
kulakapp_reviews,14447885709,2026-08-19T11:46:24-07:00,3,1.8.8,https://itunes.apple.com/tr/rss/customerreviews/page=1/id=6761266705/sortby=mostrecent/json,57ec156452de5a5bade935acbca2141e0f3e178a702ff54850b67d0a7dc9078d
kulakapp_reviews,14281967662,2026-07-09T06:05:43-07:00,5,1.7.5,https://itunes.apple.com/tr/rss/customerreviews/page=1/id=6761266705/sortby=mostrecent/json,818488403f9b71d2eabdd4d0fb491610403420054e09c3eceac313101c335a54
kulakapp_reviews,14275484214,2026-07-07T14:01:01-07:00,4,1.7.5,https://itunes.apple.com/tr/rss/customerreviews/page=1/id=6761266705/sortby=mostrecent/json,5914c2e76e8e855dd42feaa6e4b3006503430cbec93b1733d70f549b280ff4c8
kulakapp_reviews,13963429190,2026-04-16T03:39:16-07:00,5,1.6.7,https://itunes.apple.com/tr/rss/customerreviews/page=1/id=6761266705/sortby=mostrecent/json,5190e01bfe2f92ab62d12faf0a12f60f064e08f5bbe5d18048f5aa6efb0f2a09
kulakapp_reviews,13956552708,2026-04-14T03:34:40-07:00,1,1.6.5,https://itunes.apple.com/tr/rss/customerreviews/page=1/id=6761266705/sortby=mostrecent/json,7ae0f036ddece2c30adfd015ceddc158ce1314a15b4862afee3b41370f777b75
kulakapp_reviews,13935063718,2026-04-08T02:15:28-07:00,5,1.1,https://itunes.apple.com/tr/rss/customerreviews/page=1/id=6761266705/sortby=mostrecent/json,f29096feb6927d153a496354fbac0328d5e621050809256dd27eadfbeeefe7fb
mixsense_reviews,14557396704,2026-09-16T10:42:59-07:00,2,2.3.11,https://itunes.apple.com/us/rss/customerreviews/page=1/id=6503040180/sortby=mostrecent/json,b1363edeec2de1af5e395ea160e5a2b6c6a3e8c26f268aa1328d687e5719dce8
mixsense_reviews,14461120766,2026-08-22T20:44:38-07:00,4,2.3.10,https://itunes.apple.com/us/rss/customerreviews/page=1/id=6503040180/sortby=mostrecent/json,b3e483129e40ba972e8b28934c4d886065a656c55076b681ca57cb54365347b9
mixsense_reviews,14202296080,2026-06-19T11:32:23-07:00,5,2.3.9,https://itunes.apple.com/us/rss/customerreviews/page=1/id=6503040180/sortby=mostrecent/json,d05035dd5f3b2a7c3befcb685d91ac8af46ab0d1519262fd75508c60dac36aea
mixsense_reviews,13596233897,2026-01-04T20:05:07-07:00,5,2.2.0,https://itunes.apple.com/us/rss/customerreviews/page=1/id=6503040180/sortby=mostrecent/json,15289abf9dc32c6cadf20885506fda0b75f1e42dac19185bbc126e8423ad5372
mixsense_reviews,11916636540,2024-11-05T12:47:19-07:00,3,1.2.0,https://itunes.apple.com/us/rss/customerreviews/page=1/id=6503040180/sortby=mostrecent/json,aeca839a9465cfbaa270deabc4baf8975fe04dedee7a7ad0fa4a93437a083f89
mixsense_reviews,11904461751,2024-11-02T11:03:17-07:00,5,1.2.0,https://itunes.apple.com/us/rss/customerreviews/page=1/id=6503040180/sortby=mostrecent/json,cc3f4c317a183cc9a22ad37a9b2e3ddafcae11bd2de3e1c2f0c4c43211370e4b
muzikdersim_reviews,14171291903,2026-06-11T13:23:03-07:00,5,1.0.5,https://itunes.apple.com/tr/rss/customerreviews/page=1/id=6761864079/sortby=mostrecent/json,39deb513d48dd11c6cd017185f8fb18f3e47a1c9ad6efbd9b7a2f0aa62d83180
myear_reviews,12914368261,2025-07-20T05:44:47-07:00,3,3.0.2,https://itunes.apple.com/us/rss/customerreviews/page=1/id=885622580/sortby=mostrecent/json,dd3ef366d5f034d17bd477b259b432a6c992d73c40df9cf0d4e3e3239fb25e3f
myear_reviews,12153739142,2025-01-06T16:12:31-07:00,5,3.0.0,https://itunes.apple.com/us/rss/customerreviews/page=1/id=885622580/sortby=mostrecent/json,ae9d2e5d9b7abc5cdb786d3c569354b7a22574ed2e0e5962850442b0e42b5077
myear_reviews,11774413775,2024-09-28T08:07:36-07:00,4,2.9.9,https://itunes.apple.com/us/rss/customerreviews/page=1/id=885622580/sortby=mostrecent/json,ecd5a1b1fa6e51155d18610a56e14f806e3203a974143588d152f514a838f545
myear_reviews,10761406290,2023-12-29T20:52:48-07:00,5,2.9.7,https://itunes.apple.com/us/rss/customerreviews/page=1/id=885622580/sortby=mostrecent/json,610263da4d349f5eca6ad8d6fd15f8671151c199ef8ca5a396a3d5a5602d38d3
myear_reviews,10580596948,2023-11-13T00:23:05-07:00,5,2.9.6,https://itunes.apple.com/us/rss/customerreviews/page=1/id=885622580/sortby=mostrecent/json,7cd39af5a708fab002c5014e91ba306d577d653fcc1c114623811723d6db0c67
myear_reviews,10298490229,2023-08-25T10:23:42-07:00,4,2.9.6,https://itunes.apple.com/us/rss/customerreviews/page=1/id=885622580/sortby=mostrecent/json,8b5b510bf192907a103add96b0e364e9d6ba918f4926a882b9c4ad50f4a7211f
myear_reviews,10133799097,2023-07-12T17:25:48-07:00,5,2.9.6,https://itunes.apple.com/us/rss/customerreviews/page=1/id=885622580/sortby=mostrecent/json,7310b94f0c0b8d70f35dd332537042d4883b5c87f52e2b490b48d7161a05c7bc
myear_reviews,10061072884,2023-06-22T09:07:32-07:00,4,2.9.6,https://itunes.apple.com/us/rss/customerreviews/page=1/id=885622580/sortby=mostrecent/json,136ce2004731ac1f78ef3b46c22c0bb423af52f394906fbf35dedc38438fb695
myear_reviews,10048557458,2023-06-18T19:00:43-07:00,5,2.9.6,https://itunes.apple.com/us/rss/customerreviews/page=1/id=885622580/sortby=mostrecent/json,435241244eec5bbc29263479558aa158bf6b95c7037b3e4d99626913536bf4d7
myear_reviews,7674903446,2021-08-09T18:54:07-07:00,5,2.8.2,https://itunes.apple.com/us/rss/customerreviews/page=1/id=885622580/sortby=mostrecent/json,a337ee2b556d3cb52023faaa38368e9f48818d12a153ea5d5f22fc8cbb18ce75
myear_reviews,6435691544,2020-09-16T10:44:39-07:00,5,2.7.0,https://itunes.apple.com/us/rss/customerreviews/page=1/id=885622580/sortby=mostrecent/json,04021f91707587a19a533b99ef20df3a9b19402a2f6ab3b4719fd5b53b9a6a35
myear_reviews,6385914750,2020-09-01T19:39:26-07:00,5,2.7.0,https://itunes.apple.com/us/rss/customerreviews/page=1/id=885622580/sortby=mostrecent/json,2bb6353acc6a903484cc54e8bc5b25d5c0433998b74d0ab8c844dc2ea4507227
myear_reviews,6349391410,2020-08-22T10:31:28-07:00,5,2.7.0,https://itunes.apple.com/us/rss/customerreviews/page=1/id=885622580/sortby=mostrecent/json,4d564b332f7bef3afcca30e7a7fc18d57b2640221fb8da477d0b2d1724a4eb1d
myear_reviews,6246605841,2020-07-26T23:24:51-07:00,5,2.6.7,https://itunes.apple.com/us/rss/customerreviews/page=1/id=885622580/sortby=mostrecent/json,d341e808f23bd730da044849920b85ef9f557e9360db5d4d07eb8ae5037e1fd8
myear_reviews,5466592829,2020-01-30T07:24:16-07:00,5,2.5.6,https://itunes.apple.com/us/rss/customerreviews/page=1/id=885622580/sortby=mostrecent/json,2760ff350e633c8c0b6a5f52a8fa944117e61264c35c511e26b964a1fbccb3c9
myear_reviews,4656199867,2019-08-22T12:47:06-07:00,5,2.5.0,https://itunes.apple.com/us/rss/customerreviews/page=1/id=885622580/sortby=mostrecent/json,c10830460701e7a7728d61f739550cf0f76e5eb8a061b172e05efbc58985a56e
myear_reviews,3634086947,2019-01-10T06:54:21-07:00,5,2.4.3,https://itunes.apple.com/us/rss/customerreviews/page=1/id=885622580/sortby=mostrecent/json,c34be71b2be6530647b401c01bfb3172f67b413f87305938a8b2301d770ba574
myear_reviews,3492917505,2018-12-04T08:07:11-07:00,5,2.4.0,https://itunes.apple.com/us/rss/customerreviews/page=1/id=885622580/sortby=mostrecent/json,67fc32a5fa49e48dbb9e4b2536ece52393a9c71e42d02b5e2155c85d5942d051
myear_reviews,3407148709,2018-11-11T11:28:35-07:00,1,2.3.9,https://itunes.apple.com/us/rss/customerreviews/page=1/id=885622580/sortby=mostrecent/json,0c46d1317f1c52b6293bd0252faf16262b872c6c4c2d0dfeaf19d0a2e2db3911
myear_reviews,2632170537,2018-06-02T09:39:36-07:00,5,2.2.9,https://itunes.apple.com/us/rss/customerreviews/page=1/id=885622580/sortby=mostrecent/json,a2fe6a0b1f69887011fd495da24ffb0e60bd5e9cccf5e055954bd6433402d92f
myear_reviews,2101202679,2018-01-18T05:05:23-07:00,5,2.1.9,https://itunes.apple.com/us/rss/customerreviews/page=1/id=885622580/sortby=mostrecent/json,e6e0dabc2d90a611bf39fc5777707add2ffbc1e0331e44fab1f0827bd86610e7
myear_reviews,1796330972,2017-09-18T05:39:27-07:00,5,2.1.2,https://itunes.apple.com/us/rss/customerreviews/page=1/id=885622580/sortby=mostrecent/json,9a39e2cba0f49427a3873a4897206b5186a339d611c37d1b7ded21fcba98ce68
myear_reviews,1583185343,2017-04-07T13:33:25-07:00,5,1.6.7,https://itunes.apple.com/us/rss/customerreviews/page=1/id=885622580/sortby=mostrecent/json,06a2935e6f57d4494a9017393d4f3b5a7a3d4df4e26b25f853b27b6ae1d6f821
myear_reviews,1582764297,2017-04-07T02:06:07-07:00,4,1.6.7,https://itunes.apple.com/us/rss/customerreviews/page=1/id=885622580/sortby=mostrecent/json,e76195019742f24a3b795f385ae25201b6ddf3efcddd5c507057346a81c176fc
myear_reviews,1506761105,2016-12-22T05:25:09-07:00,5,1.5.7,https://itunes.apple.com/us/rss/customerreviews/page=1/id=885622580/sortby=mostrecent/json,432c435d23c436cd1acbcf1ca00af6e4677a96d829c2a273446e1640c5fc185c
myear_reviews,1470764455,2016-10-21T17:15:33-07:00,5,1.4.8,https://itunes.apple.com/us/rss/customerreviews/page=1/id=885622580/sortby=mostrecent/json,65356af314c64921cc282295dda31fd5ad784e41621df23783ed3470f38980e3
myear_reviews,1438286732,2016-08-23T23:09:09-07:00,5,1.4.1,https://itunes.apple.com/us/rss/customerreviews/page=1/id=885622580/sortby=mostrecent/json,b79c970faf7ea79840257d6d80e84471112b2d340218f34b8512ec2703b4014e
myear_reviews,1009261585,2014-06-12T20:01:29-07:00,5,0.1.0,https://itunes.apple.com/us/rss/customerreviews/page=1/id=885622580/sortby=mostrecent/json,17b3becf04a99584c658d27e50bc8d1d4207154741c6923f7408562fb9d4616c
perfect_reviews,14601902505,2026-09-27T20:03:12-07:00,2,3.0.7,https://itunes.apple.com/us/rss/customerreviews/page=1/id=1440768353/sortby=mostrecent/json,4b1bb2348863fcf78f8e8710c6a4ed692c4a357ea2199c0512b7619b615af3a4
perfect_reviews,14591028949,2026-09-25T02:39:31-07:00,5,3.0.7,https://itunes.apple.com/us/rss/customerreviews/page=1/id=1440768353/sortby=mostrecent/json,f70efb0e14e10160744a67936631fed6497720fef0b9aa90a37394caef303788
perfect_reviews,14500200952,2026-09-01T19:52:08-07:00,5,3.0.6,https://itunes.apple.com/us/rss/customerreviews/page=1/id=1440768353/sortby=mostrecent/json,a8b900ad93b910e5efaa201bf81677509b9263cc209434450123458bc87594d4
perfect_reviews,14276246869,2026-07-07T18:54:24-07:00,5,3.0.6,https://itunes.apple.com/us/rss/customerreviews/page=1/id=1440768353/sortby=mostrecent/json,c0b5da293b94c7b16465ae278e925bd79e1198d085cc7233f93545dcdd33c8e1
perfect_reviews,14273697992,2026-07-07T04:50:37-07:00,5,3.0.6,https://itunes.apple.com/us/rss/customerreviews/page=1/id=1440768353/sortby=mostrecent/json,b2ef871d12f5b23c410264d2628571c6e18360b22bd5974a481e319815aacbb5
perfect_reviews,14237278810,2026-06-28T08:26:37-07:00,5,3.0.6,https://itunes.apple.com/us/rss/customerreviews/page=1/id=1440768353/sortby=mostrecent/json,019c6193debce8bc243fc484fe3f41cc9c582e49f9fcfa9e46ab86e110b8e889
perfect_reviews,14191563724,2026-06-16T17:56:06-07:00,2,3.0.5,https://itunes.apple.com/us/rss/customerreviews/page=1/id=1440768353/sortby=mostrecent/json,560ae59ba0224a7f110ae6e4c6d1d864628a31ab361204bf1bad824037710e49
perfect_reviews,14147410027,2026-06-05T09:34:13-07:00,1,3.0.5,https://itunes.apple.com/us/rss/customerreviews/page=1/id=1440768353/sortby=mostrecent/json,86074a57566dc2725d8e73a300d0e5c98ffc24c36b16086dc4407c2fad708e1f
perfect_reviews,14018768317,2026-05-01T21:13:23-07:00,3,3.0.1,https://itunes.apple.com/us/rss/customerreviews/page=1/id=1440768353/sortby=mostrecent/json,1052ad432ca7daa92a9dca60a262350bab0ebecb501bdf77b668f460847a5061
perfect_reviews,13875116708,2026-03-22T06:42:25-07:00,5,1.5.6,https://itunes.apple.com/us/rss/customerreviews/page=1/id=1440768353/sortby=mostrecent/json,58cf533a4a0a99e11146d79a86a47d081e92d58a377a3a34d9ba3cc3e0c6a609
perfect_reviews,13690119818,2026-01-29T10:53:54-07:00,2,1.5.6,https://itunes.apple.com/us/rss/customerreviews/page=1/id=1440768353/sortby=mostrecent/json,a96a78c262e7a68be87318470e0c2edfc3d6fca27476d974cc89f1c0a31b0266
perfect_reviews,13627724788,2026-01-12T22:54:57-07:00,2,1.5.6,https://itunes.apple.com/us/rss/customerreviews/page=1/id=1440768353/sortby=mostrecent/json,c47a94ea2de674ecd01257a5828e4d64afb8548800fe79035f7c73fc0dfacbf0
perfect_reviews,13623357387,2026-01-11T17:58:01-07:00,3,1.5.6,https://itunes.apple.com/us/rss/customerreviews/page=1/id=1440768353/sortby=mostrecent/json,4ea17a19f7b2080090781c3f12372bee1149b0b85c38fb6707228dd764d803cf
perfect_reviews,13469049835,2025-12-02T21:26:13-07:00,5,1.5.6,https://itunes.apple.com/us/rss/customerreviews/page=1/id=1440768353/sortby=mostrecent/json,f08061656c98314f7b28d9c2ee6fa44925efb03ee166170731ab9a206ead0cbc
perfect_reviews,13048420790,2025-08-22T13:16:49-07:00,3,1.5.5,https://itunes.apple.com/us/rss/customerreviews/page=1/id=1440768353/sortby=mostrecent/json,ab8d1aa2cc2b0d1dd0f1f1610b339dc872384a22549ddf9b789fa6d9ae53eca4
perfect_reviews,12897993644,2025-07-16T03:31:25-07:00,5,1.5.5,https://itunes.apple.com/us/rss/customerreviews/page=1/id=1440768353/sortby=mostrecent/json,1b25a255fccf486e2747855428bf3e02d23e4433dd2c4e5e439172636a85b437
perfect_reviews,12684934675,2025-05-22T07:45:05-07:00,1,1.5.5,https://itunes.apple.com/us/rss/customerreviews/page=1/id=1440768353/sortby=mostrecent/json,afbb448d00f4d88cedf4661cdadd570d39d78d153fee941697cb365bf08a0b85
perfect_reviews,12185673165,2025-01-14T18:59:29-07:00,1,1.5.5,https://itunes.apple.com/us/rss/customerreviews/page=1/id=1440768353/sortby=mostrecent/json,958a87f4da1a64db42262033243c2425a712a712cf1d960782fd8284dd29a925
perfect_reviews,11990088528,2024-11-25T04:32:57-07:00,2,1.5.5,https://itunes.apple.com/us/rss/customerreviews/page=1/id=1440768353/sortby=mostrecent/json,79ad2544ccb5a3e6a60766667c05700361c693826d040bde7896543b109a9195
perfect_reviews,11935406162,2024-11-10T11:54:57-07:00,1,1.5.5,https://itunes.apple.com/us/rss/customerreviews/page=1/id=1440768353/sortby=mostrecent/json,86fd6d7125030daf1b4066cad937bd469948ec5ed737a406e1b5349c42d2800c
perfect_reviews,11842479350,2024-10-16T20:55:24-07:00,5,1.5.4,https://itunes.apple.com/us/rss/customerreviews/page=1/id=1440768353/sortby=mostrecent/json,01f1b62a6c320fb0c142224039c0a5f0aef2e0105c31bc8e79eeaa59ad6cf7f0
perfect_reviews,11757885645,2024-09-23T19:52:40-07:00,5,1.5.4,https://itunes.apple.com/us/rss/customerreviews/page=1/id=1440768353/sortby=mostrecent/json,04e6144c3a961d94a1effa6be2c3d3aace7a7779968b2ead92464b211a768b19
perfect_reviews,11602501899,2024-08-12T13:09:31-07:00,2,1.5.4,https://itunes.apple.com/us/rss/customerreviews/page=1/id=1440768353/sortby=mostrecent/json,d3a79c21fe5a160f6d06eb40f1518b308a4cc1bb5cfc59818f5b50458281912a
perfect_reviews,11386554223,2024-06-15T21:53:31-07:00,1,1.5.4,https://itunes.apple.com/us/rss/customerreviews/page=1/id=1440768353/sortby=mostrecent/json,ff5a488f9b11e1cd1db092825775b73c1b4ef2a9bb6d2b9c44875c889be1d68a
perfect_reviews,11008612372,2024-03-04T13:46:45-07:00,3,1.5.4,https://itunes.apple.com/us/rss/customerreviews/page=1/id=1440768353/sortby=mostrecent/json,74d3cb819ccb5173da079d4f18d60e42b42be5e34b833e5bc5cb8cff3bf3658a
perfect_reviews,10961071572,2024-02-20T12:22:20-07:00,1,1.5.4,https://itunes.apple.com/us/rss/customerreviews/page=1/id=1440768353/sortby=mostrecent/json,e238efcfd7976af7b02ad2edeb7446a31704420e04571db5cbc3c7259bfaf660
perfect_reviews,10800960009,2024-01-08T20:01:20-07:00,1,1.5.4,https://itunes.apple.com/us/rss/customerreviews/page=1/id=1440768353/sortby=mostrecent/json,58f83a964328c1d67722323c468c36e022ee010fa2a05320a0e1b5d4b001afa8
perfect_reviews,10730873750,2023-12-22T04:53:31-07:00,5,1.5.4,https://itunes.apple.com/us/rss/customerreviews/page=1/id=1440768353/sortby=mostrecent/json,2164d3ff6907742c130c11730f23aaa4ce465143effda99768f31ef41e58cabf
perfect_reviews,10727725790,2023-12-21T09:31:28-07:00,4,1.5.4,https://itunes.apple.com/us/rss/customerreviews/page=1/id=1440768353/sortby=mostrecent/json,1fe93e19476e1c2d6ee3155d7ad4610367823ed0a403f5852116f54dfdf86e1f
perfect_reviews,10717619213,2023-12-19T06:05:19-07:00,1,1.5.3,https://itunes.apple.com/us/rss/customerreviews/page=1/id=1440768353/sortby=mostrecent/json,4a8272e6f06d50a1880125916f829715bad25a2e6f9bc3193bde01d8716a1352
perfect_reviews,10708630234,2023-12-17T10:03:29-07:00,2,1.5.3,https://itunes.apple.com/us/rss/customerreviews/page=1/id=1440768353/sortby=mostrecent/json,ed3ac815ae1f2ff7f992ebd7f636072e5deb92fd54d1a994f3c71eb4c78f7e02
perfect_reviews,10706386380,2023-12-16T23:06:03-07:00,2,1.5.3,https://itunes.apple.com/us/rss/customerreviews/page=1/id=1440768353/sortby=mostrecent/json,27754dfa91178273854ed4e72669edc578e9892c0b6fc7cdfd0476f3dd08514e
perfect_reviews,10694737786,2023-12-14T13:28:13-07:00,2,1.5.3,https://itunes.apple.com/us/rss/customerreviews/page=1/id=1440768353/sortby=mostrecent/json,7c9c348497cd77de8a714c65ab12b42062f62225b3af18555ec9163f4211b582
perfect_reviews,10687956008,2023-12-12T17:52:20-07:00,1,1.5.3,https://itunes.apple.com/us/rss/customerreviews/page=1/id=1440768353/sortby=mostrecent/json,6d55f2eaa5a91d4cd51dd86272f35e58575fb1f038bb331184d5ca0c2bcac332
perfect_reviews,10686310985,2023-12-12T08:21:39-07:00,1,1.5.3,https://itunes.apple.com/us/rss/customerreviews/page=1/id=1440768353/sortby=mostrecent/json,0b40afa6ec4c6d12efe8ecbc361819d0b2da19e321be06700eba59416b076e6f
perfect_reviews,10679497428,2023-12-10T11:31:32-07:00,4,1.5.3,https://itunes.apple.com/us/rss/customerreviews/page=1/id=1440768353/sortby=mostrecent/json,146c13504fccc1ee5ab3d86ee8b7dfb253222cb26c814da153b2d5aed8d12368
perfect_reviews,10677295130,2023-12-09T22:50:50-07:00,2,1.5.3,https://itunes.apple.com/us/rss/customerreviews/page=1/id=1440768353/sortby=mostrecent/json,5119803dc5413b7b4fdd12f8157bf9a890bc5293da374b63887f0694cb0fa096
perfect_reviews,10668327095,2023-12-07T15:11:34-07:00,5,1.5.3,https://itunes.apple.com/us/rss/customerreviews/page=1/id=1440768353/sortby=mostrecent/json,5942cc44a9186dff586eb44e9632d81e44890c9941e1a3393bb3b3ed75899137
perfect_reviews,10665740282,2023-12-06T21:58:38-07:00,2,1.5.3,https://itunes.apple.com/us/rss/customerreviews/page=1/id=1440768353/sortby=mostrecent/json,b00e3774fc7cb841c6f594ea7cb640e009c31c631e4f0b6cc3a59d2f6936606b
perfect_reviews,10664193866,2023-12-06T10:21:00-07:00,4,1.5.3,https://itunes.apple.com/us/rss/customerreviews/page=1/id=1440768353/sortby=mostrecent/json,d29753e214f68b8312644f6bd2eea7aae0763ea8f50b8a337ac009715877b066
perfect_reviews,10653397074,2023-12-03T07:55:05-07:00,3,1.5.3,https://itunes.apple.com/us/rss/customerreviews/page=1/id=1440768353/sortby=mostrecent/json,5f55087d30a81e3ecccfe1f72d0ee3c485051b16eb3415d74dec02724ebfa618
perfect_reviews,10648552701,2023-12-02T01:39:08-07:00,2,1.5.3,https://itunes.apple.com/us/rss/customerreviews/page=1/id=1440768353/sortby=mostrecent/json,6eb9d12757b0ae6de8480546dd6de75d0be268bb55cd9225b1be8e08de1f6cfb
perfect_reviews,10643846740,2023-11-30T18:16:35-07:00,1,1.5.3,https://itunes.apple.com/us/rss/customerreviews/page=1/id=1440768353/sortby=mostrecent/json,5d6cec24d2abc2668e81f60254a667b06d5d4244e3eb247dea9b1a5d8d6a086c
perfect_reviews,10639718243,2023-11-29T14:32:41-07:00,5,1.5.3,https://itunes.apple.com/us/rss/customerreviews/page=1/id=1440768353/sortby=mostrecent/json,d6dda6c0a72e420c670975270b3f25a35ef1eccb167eab37ef252e0deae1c07f
perfect_reviews,10634514954,2023-11-28T04:09:34-07:00,3,1.5.3,https://itunes.apple.com/us/rss/customerreviews/page=1/id=1440768353/sortby=mostrecent/json,a798d96cc0396c390d349a3eb29490b2d348b4c8cd9805da667f9823e64c780b
perfect_reviews,10631565551,2023-11-27T07:29:35-07:00,3,1.5.3,https://itunes.apple.com/us/rss/customerreviews/page=1/id=1440768353/sortby=mostrecent/json,ce5fe990d8da36b34bcd9ff8ed1e1ce75aac61c0d9ba86dad88525a7650070a5
perfect_reviews,10630164582,2023-11-26T22:34:24-07:00,1,1.5.3,https://itunes.apple.com/us/rss/customerreviews/page=1/id=1440768353/sortby=mostrecent/json,8975204b5720e08860393ec715634f103036d5ffcd809e021459a87e057f1bfc
perfect_reviews,10628590076,2023-11-26T11:25:50-07:00,2,1.5.3,https://itunes.apple.com/us/rss/customerreviews/page=1/id=1440768353/sortby=mostrecent/json,30a5738ff9434e40c79dc7fee0d1f1728bf1e7a1d33e4499ebb409198a624a8b
perfect_reviews,10620799138,2023-11-24T10:43:04-07:00,1,1.5.3,https://itunes.apple.com/us/rss/customerreviews/page=1/id=1440768353/sortby=mostrecent/json,78c083cb1faedc124e7fc47081325a494a22863836ef8ae044542582a9b03f69
perfect_reviews,10620626591,2023-11-24T09:45:16-07:00,5,1.5.3,https://itunes.apple.com/us/rss/customerreviews/page=1/id=1440768353/sortby=mostrecent/json,185d45e5e4ac05342a65e80fbb7026ff4a29b8d38e5e9dd673e2742b50a753f1
quiztones_reviews,14636856099,2026-10-06T21:30:51-07:00,5,3.8.0,https://itunes.apple.com/us/rss/customerreviews/page=1/id=436707254/sortby=mostrecent/json,5bdc78082ed49794923ee67cf6751e2b49ee0f978c5be1cc41d7d119e00c9135
quiztones_reviews,14407219589,2026-08-09T09:26:42-07:00,5,3.8.0,https://itunes.apple.com/us/rss/customerreviews/page=1/id=436707254/sortby=mostrecent/json,bb630369e9a5422cddd9efd6e841af3b4269a55413b44673258d58b53904063a
quiztones_reviews,14173887874,2026-06-12T06:43:53-07:00,5,3.8.0,https://itunes.apple.com/us/rss/customerreviews/page=1/id=436707254/sortby=mostrecent/json,d37304aba0942943b8030edc6a25d5a25bc7c2bc6c7022f52fca94019184328e
quiztones_reviews,13582799870,2026-01-01T15:09:22-07:00,5,3.7.0,https://itunes.apple.com/us/rss/customerreviews/page=1/id=436707254/sortby=mostrecent/json,ed13ff39022d432f7ec98ae1f2d4a1e52d29ea0aaef03b44b044174d1ebf68ba
quiztones_reviews,13425515390,2025-11-21T14:30:44-07:00,5,3.7.0,https://itunes.apple.com/us/rss/customerreviews/page=1/id=436707254/sortby=mostrecent/json,4c3df744334d60d404476cb3b57750bac59e84b8864f56c13efa31f60505eb2c
quiztones_reviews,13356212323,2025-11-04T09:18:53-07:00,3,3.7.0,https://itunes.apple.com/us/rss/customerreviews/page=1/id=436707254/sortby=mostrecent/json,511e957ee0ba084da74f97357c445e8325ea709972511130ed0d8a4c7c31cc3e
quiztones_reviews,12898368501,2025-07-16T05:37:08-07:00,3,3.5.2,https://itunes.apple.com/us/rss/customerreviews/page=1/id=436707254/sortby=mostrecent/json,72636b670bcc32f778e2dc2de64236818c3d4d628d7003dfc35f0f23798b6816
quiztones_reviews,12246130807,2025-01-29T11:49:23-07:00,5,3.5.1,https://itunes.apple.com/us/rss/customerreviews/page=1/id=436707254/sortby=mostrecent/json,0a55e84887eb10f582fa4d7ea68f10c265aa1963fde322f0b9cf8579aa9559c8
quiztones_reviews,12145241817,2025-01-04T12:41:44-07:00,5,3.4.2,https://itunes.apple.com/us/rss/customerreviews/page=1/id=436707254/sortby=mostrecent/json,1d527faac681ff0e4a03a5afa497fc173ff0c947ff2e0ccebce46604951d8a74
quiztones_reviews,12121808984,2024-12-29T17:44:09-07:00,4,3.4.2,https://itunes.apple.com/us/rss/customerreviews/page=1/id=436707254/sortby=mostrecent/json,a9f45632abe079cb5c501beed643990ebcdf708a026cb86a8d0ef03a9faa13e9
quiztones_reviews,12010931608,2024-11-30T14:55:04-07:00,3,3.4.2,https://itunes.apple.com/us/rss/customerreviews/page=1/id=436707254/sortby=mostrecent/json,2e4b6056dc6a75c01204cdfaaa645817f1a84893f14f884f16a6c105d1b9549c
quiztones_reviews,11664098328,2024-08-28T17:19:28-07:00,3,3.4.2,https://itunes.apple.com/us/rss/customerreviews/page=1/id=436707254/sortby=mostrecent/json,eb154290421a0425d75935da1c402ada05f0ec263af1a12679384879566637ed
quiztones_reviews,11625541241,2024-08-18T12:53:44-07:00,4,3.4.2,https://itunes.apple.com/us/rss/customerreviews/page=1/id=436707254/sortby=mostrecent/json,73a14d1a6e37a38fff678910df2ff1e3b6e11c72d0151ab87133c96723245369
quiztones_reviews,11575219592,2024-08-05T07:35:39-07:00,5,3.4.1,https://itunes.apple.com/us/rss/customerreviews/page=1/id=436707254/sortby=mostrecent/json,a01be2e69e3d32a1374d59b5f3e23b2fccd1c8169da998ae303012c67489e9e2
quiztones_reviews,11269824529,2024-05-15T05:51:58-07:00,3,3.4.1,https://itunes.apple.com/us/rss/customerreviews/page=1/id=436707254/sortby=mostrecent/json,2b946b5617a8468de95d02ba264b59b371688dbbd20e461b68076e08aabccf98
quiztones_reviews,11204868447,2024-04-26T22:33:04-07:00,3,3.4.1,https://itunes.apple.com/us/rss/customerreviews/page=1/id=436707254/sortby=mostrecent/json,7918f98106d40011c43cc6e3c103711db42ae60d0a467e3ad50218730a513a2f
quiztones_reviews,11065609119,2024-03-20T08:16:16-07:00,1,3.4.0,https://itunes.apple.com/us/rss/customerreviews/page=1/id=436707254/sortby=mostrecent/json,1cc8694870c4b657fe65155a22294c256eaadc824f44430f44749593175e49ec
quiztones_reviews,11026910690,2024-03-09T14:07:20-07:00,5,3.4.0,https://itunes.apple.com/us/rss/customerreviews/page=1/id=436707254/sortby=mostrecent/json,a2683a0e43a623efb0dd5014589399b35ebdbff0463e306955a5c5d3b738f983
quiztones_reviews,10996283865,2024-03-01T06:58:37-07:00,5,3.4.0,https://itunes.apple.com/us/rss/customerreviews/page=1/id=436707254/sortby=mostrecent/json,3aa25f642d6c1d36ce62135973043b2e99ed42947a8852bb937644a4a13fa65c
quiztones_reviews,10568565164,2023-11-09T16:22:49-07:00,5,3.3.1,https://itunes.apple.com/us/rss/customerreviews/page=1/id=436707254/sortby=mostrecent/json,bcbe841aa03a86904ea79d056f03f665ad1c992591c44898fb563e3de3a5edf7
quiztones_reviews,10535441265,2023-10-31T08:46:51-07:00,5,3.3.1,https://itunes.apple.com/us/rss/customerreviews/page=1/id=436707254/sortby=mostrecent/json,f33e40d6a88cf526f91360129bef047fc9d007028b78181c7395680bdb38013f
quiztones_reviews,10259866457,2023-08-15T01:48:27-07:00,2,3.3.1,https://itunes.apple.com/us/rss/customerreviews/page=1/id=436707254/sortby=mostrecent/json,1afb13a39aae639a7920d4e1d0cc8375911a3654f89d15e9655b3252c7a09a75
quiztones_reviews,9963943711,2023-05-25T06:49:14-07:00,1,3.2.0,https://itunes.apple.com/us/rss/customerreviews/page=1/id=436707254/sortby=mostrecent/json,39a552f3a3e67bea9de2f17b296dc3217b99e8346e9c36a69f4ba41851cd4cbb
quiztones_reviews,9937261004,2023-05-17T12:31:37-07:00,1,3.2.0,https://itunes.apple.com/us/rss/customerreviews/page=1/id=436707254/sortby=mostrecent/json,e482f4ec0140b0810d3d29ffbd3597f191de38741dd21fd9cf1d9545a78b2a0c
quiztones_reviews,9553178759,2023-01-27T08:11:59-07:00,5,3.0.0,https://itunes.apple.com/us/rss/customerreviews/page=1/id=436707254/sortby=mostrecent/json,18e57d38f97b4ef48455c66bfdaa2a39aa43a398b594f0da9f04d7101539f6dc
quiztones_reviews,9529783626,2023-01-20T19:03:58-07:00,4,2.0.0,https://itunes.apple.com/us/rss/customerreviews/page=1/id=436707254/sortby=mostrecent/json,5a40d6c4f87026fdf50bbe57972231a4d033a44998196e83706229fc46002e18
quiztones_reviews,8013439054,2021-11-11T12:05:16-07:00,1,2.0.0,https://itunes.apple.com/us/rss/customerreviews/page=1/id=436707254/sortby=mostrecent/json,dcbce38fe401cf6ae461a4c40530893cb07a9450d52a8684677fd5e767ea88fa
quiztones_reviews,7021726029,2021-02-21T07:06:21-07:00,5,2.0.0,https://itunes.apple.com/us/rss/customerreviews/page=1/id=436707254/sortby=mostrecent/json,ce7644c6d10b77aa9093a66c5286812b9d889814d3d67c45a1eebda63bb9d305
quiztones_reviews,6820034602,2021-01-01T17:57:04-07:00,5,2.0.0,https://itunes.apple.com/us/rss/customerreviews/page=1/id=436707254/sortby=mostrecent/json,724a0fe7665cd20d8b1c4a8c2a4a4ede71b0829222bc5afbc268960e9f936aeb
quiztones_reviews,6586511072,2020-10-29T06:35:50-07:00,4,2.0.0,https://itunes.apple.com/us/rss/customerreviews/page=1/id=436707254/sortby=mostrecent/json,28200e3c0cef257a48cd70970be1d8e681d2bcf8f2ea4de3691ed9ac9d06b9ab
quiztones_reviews,6372440249,2020-08-28T20:17:53-07:00,5,2.0.0,https://itunes.apple.com/us/rss/customerreviews/page=1/id=436707254/sortby=mostrecent/json,11043ec7c6377adc420adbc6604da67406334b19b1b4164c5c8b0c546eecc1b3
quiztones_reviews,6110190252,2020-06-22T17:31:16-07:00,5,2.0.0,https://itunes.apple.com/us/rss/customerreviews/page=1/id=436707254/sortby=mostrecent/json,d3a099e45e0a891b4c5e072f54d610d921930100c81796c8bac1c9b6aec621a2
quiztones_reviews,5292495763,2019-12-19T11:14:51-07:00,4,2.0.0,https://itunes.apple.com/us/rss/customerreviews/page=1/id=436707254/sortby=mostrecent/json,1e8214c9be274550e4754f372270a10c60f6045184b9174fb4b3634703b6a720
quiztones_reviews,5290035284,2019-12-18T22:19:47-07:00,4,2.0.0,https://itunes.apple.com/us/rss/customerreviews/page=1/id=436707254/sortby=mostrecent/json,55aa91b2e4b3138996bc6a4c9449cd7918ffded4860bd82f95b124b57307bc4c
quiztones_reviews,5229697516,2019-12-03T12:01:41-07:00,4,2.0.0,https://itunes.apple.com/us/rss/customerreviews/page=1/id=436707254/sortby=mostrecent/json,8101e86e51b38a55ae840f54ee9519b67281693b42f8148b0ec1c43658662c78
quiztones_reviews,5199381987,2019-11-26T05:07:40-07:00,5,2.0.0,https://itunes.apple.com/us/rss/customerreviews/page=1/id=436707254/sortby=mostrecent/json,af43e392ef7041db947113438a67a7e6b33e4cd174f1b8a677781d22cce871b4
quiztones_reviews,4848246126,2019-09-27T14:40:28-07:00,5,2.0.0,https://itunes.apple.com/us/rss/customerreviews/page=1/id=436707254/sortby=mostrecent/json,e75ca93316f1c3d17c7974f7ac686c36b9fb9a09ea6d30070616d35adbaa7102
quiztones_reviews,4608102754,2019-08-12T13:12:44-07:00,5,2.0.0,https://itunes.apple.com/us/rss/customerreviews/page=1/id=436707254/sortby=mostrecent/json,4523c4a6f483cec6b64a2f58d4c23a68d85caaab1a723a46e97485962297608f
quiztones_reviews,3861987597,2019-03-09T09:12:42-07:00,5,2.0.0,https://itunes.apple.com/us/rss/customerreviews/page=1/id=436707254/sortby=mostrecent/json,bf7819faa55388f85aa141254c2ab623a3605306b4f469cff905d09bdede8186
quiztones_reviews,3525824875,2018-12-13T03:50:55-07:00,1,2.0.0,https://itunes.apple.com/us/rss/customerreviews/page=1/id=436707254/sortby=mostrecent/json,7b85abaf8ceb0f7e55507bbddb14660f7fb292155b216102a26d0a7b2f6eb631
quiztones_reviews,3362040107,2018-10-30T10:51:58-07:00,4,1.9.4,https://itunes.apple.com/us/rss/customerreviews/page=1/id=436707254/sortby=mostrecent/json,fc007a8b35f261f1526334eddb41633da94f1da950eb9ec32bc55221196ef313
quiztones_reviews,2924798115,2018-07-17T10:03:46-07:00,2,1.9.3,https://itunes.apple.com/us/rss/customerreviews/page=1/id=436707254/sortby=mostrecent/json,d253e1890502d4163b014e19bc021126ad9271d10bcc0aecfd849c2e613ace41
quiztones_reviews,2924146232,2018-07-17T07:24:29-07:00,3,1.9.3,https://itunes.apple.com/us/rss/customerreviews/page=1/id=436707254/sortby=mostrecent/json,050ebddcc4b244ad53107412ab76093f51116a7c899d2a46931d27d39d4263b4
quiztones_reviews,2472274232,2018-04-26T16:44:34-07:00,4,1.9.3,https://itunes.apple.com/us/rss/customerreviews/page=1/id=436707254/sortby=mostrecent/json,8a7fbf739ff687381d052ab370a4bd19110f7bfbc3aac4f8872a1e47c45ed56b
quiztones_reviews,2275007452,2018-03-05T15:00:34-07:00,5,1.9.0,https://itunes.apple.com/us/rss/customerreviews/page=1/id=436707254/sortby=mostrecent/json,644d2838a1e23eec3dc4fe047304462235112392955d90adf5e41f846bd7ec8b
quiztones_reviews,1779118470,2017-09-07T12:32:00-07:00,4,1.9.0,https://itunes.apple.com/us/rss/customerreviews/page=1/id=436707254/sortby=mostrecent/json,1227a3241ba2aef5016e7cfc2b24fa7d02f19fcd7aa5cd679138718a6c676e11
quiztones_reviews,1709815679,2017-08-02T09:53:41-07:00,5,1.9.0,https://itunes.apple.com/us/rss/customerreviews/page=1/id=436707254/sortby=mostrecent/json,bc6e5471be314ad35dd6d8b1d92bad9a738f894a711a939b9beaa65e174b341c
quiztones_reviews,1701553519,2017-07-27T23:13:13-07:00,5,1.9.0,https://itunes.apple.com/us/rss/customerreviews/page=1/id=436707254/sortby=mostrecent/json,5b457cc93fd784b7d192196db90387df24f3b7802ef5fe803fb585ce1d8b6c5f
quiztones_reviews,1700955632,2017-07-27T13:16:43-07:00,5,1.9.0,https://itunes.apple.com/us/rss/customerreviews/page=1/id=436707254/sortby=mostrecent/json,e29c3d0b19a51975cbb00eb02f3129901680b0634a6aa65a68c584727fae5678
quiztones_reviews,1700766892,2017-07-27T09:22:58-07:00,5,1.9.0,https://itunes.apple.com/us/rss/customerreviews/page=1/id=436707254/sortby=mostrecent/json,08d3ea70903796373ed836faefbe067bc8f66ae3d89ed9ebf53d9a22adf458e8
tonegym_reviews,14410609198,2026-08-10T06:50:32-07:00,4,1.0,https://itunes.apple.com/us/rss/customerreviews/page=1/id=6748112656/sortby=mostrecent/json,0f36323265b73efa94157c147be8f0e0c7f854f92b67d33e72cbce99fe911c86
tonegym_reviews,14407817191,2026-08-09T12:41:07-07:00,1,1.0,https://itunes.apple.com/us/rss/customerreviews/page=1/id=6748112656/sortby=mostrecent/json,b364b8c56daa1d5b0e449e907820b240d573f16a5054b40c173c84925440e159
tonegym_reviews,14398708423,2026-08-07T05:14:40-07:00,1,1.0,https://itunes.apple.com/us/rss/customerreviews/page=1/id=6748112656/sortby=mostrecent/json,03f05aea0e5fe622c87907fa320b3eefa5a69fbd432fbc618b869fd59c7522d3
